event,ticker,outcome,home,away,kickoff,result,volume,fair_avg,fair_b365,fair_max,fair_pin,first_price,first_hours_before,at kickoff,1 h before,6 h before,24 h before,3 days before,6 days before
KXEPLGAME-26SEP20FULMUN,KXEPLGAME-26SEP20FULMUN-TIE,draw,Fulham,Manchester United,2026-09-20T15:30:00Z,yes,1131905.27,0.25249196141479097,0.2528089887640449,0.2536500866122247,,0.24,326.5,0.25,0.25,0.25,0.25,0.255,0.245
KXEPLGAME-26SEP20FULMUN,KXEPLGAME-26SEP20FULMUN-MUN,away,Fulham,Manchester United,2026-09-20T15:30:00Z,no,2942187.41,0.4769292604501608,0.48033707865168535,0.4825538233110616,,0.515,334.5,0.48,0.49,0.49,0.47,0.49,0.49
KXEPLGAME-26SEP20FULMUN,KXEPLGAME-26SEP20FULMUN-FUL,home,Fulham,Manchester United,2026-09-20T15:30:00Z,no,1269704.5,0.2705787781350482,0.26685393258426965,0.2637960900767137,,0.265,326.5,0.27,0.28,0.28,0.26,0.27,0.27
KXEPLGAME-26SEP20MCISUN,KXEPLGAME-26SEP20MCISUN-TIE,draw,Manchester City,Sunderland,2026-09-20T13:00:00Z,no,490134.19,0.18235787613113116,0.1871559633027523,0.1772438803263826,,0.135,324.0,0.18,0.17,0.17,0.155,0.155,0.155
KXEPLGAME-26SEP20MCISUN,KXEPLGAME-26SEP20MCISUN-SUN,away,Manchester City,Sunderland,2026-09-20T13:00:00Z,no,1211532.72,0.11134557377889068,0.12477064220183487,0.10596101541251135,,0.075,324.0,0.1,0.1,0.1,0.08,0.09,0.09
KXEPLGAME-26SEP20MCISUN,KXEPLGAME-26SEP20MCISUN-MCI,home,Manchester City,Sunderland,2026-09-20T13:00:00Z,yes,3928828.15,0.7062965500899782,0.6880733944954128,0.716795104261106,,0.75,344.0,0.71,0.73,0.75,0.76,0.77,0.76
KXEPLGAME-26SEP20LEECRY,KXEPLGAME-26SEP20LEECRY-TIE,draw,Leeds United,Crystal Palace,2026-09-20T13:00:00Z,yes,250236.11,0.23919238447082064,0.23672883787661403,0.23866677703280634,,0.7,326.0,0.24,0.24,0.23,0.245,0.26,0.255
KXEPLGAME-26SEP20LEECRY,KXEPLGAME-26SEP20LEECRY-LEE,home,Leeds United,Crystal Palace,2026-09-20T13:00:00Z,no,576960.44,0.5691626016022541,0.5738880918220947,0.5656264658002924,,0.475,338.0,0.58,0.58,0.58,0.57,0.56,0.51
KXEPLGAME-26SEP20LEECRY,KXEPLGAME-26SEP20LEECRY-CRY,away,Leeds United,Crystal Palace,2026-09-20T13:00:00Z,no,354239.58,0.19164501392692532,0.18938307030129126,0.1957067571669012,,0.12,326.0,0.19,0.19,0.2,0.2,0.20500000000000002,0.22999999999999998
KXEPLGAME-26SEP20BOULFC,KXEPLGAME-26SEP20BOULFC-TIE,draw,Bournemouth,Liverpool,2026-09-20T13:00:00Z,no,238041.75,0.2577868078232407,0.2633204633204633,0.264928511354079,,0.69,338.0,0.26,0.26,0.26,0.26,0.245,0.25
KXEPLGAME-26SEP20BOULFC,KXEPLGAME-26SEP20BOULFC-LFC,away,Bournemouth,Liverpool,2026-09-20T13:00:00Z,yes,1916811.08,0.43883707750374934,0.43088803088803085,0.44743481917577793,,0.53,334.0,0.44,0.44,0.45,0.45,0.46,0.47
KXEPLGAME-26SEP20BOULFC,KXEPLGAME-26SEP20BOULFC-BOU,home,Bournemouth,Liverpool,2026-09-20T13:00:00Z,no,360484.77,0.30337611467301,0.30579150579150577,0.28763666947014294,,0.7,338.0,0.32,0.31,0.3,0.31,0.305,0.295
KXEPLGAME-26SEP19NFOCOV,KXEPLGAME-26SEP19NFOCOV-TIE,draw,Nottingham Forest,Coventry,2026-09-19T16:30:00Z,no,541672.15,0.2400751975348778,0.24094849566547683,0.23882121606782605,,0.245,320.5,0.25,0.24,0.235,0.23,0.24,0.235
KXEPLGAME-26SEP19NFOCOV,KXEPLGAME-26SEP19NFOCOV-NFO,home,Nottingham Forest,Coventry,2026-09-19T16:30:00Z,no,1480399.86,0.5788316112343986,0.5800611932687404,0.5863275364539442,,0.5349999999999999,320.5,0.6,0.6,0.6,0.62,0.59,0.57
KXEPLGAME-26SEP19NFOCOV,KXEPLGAME-26SEP19NFOCOV-COV,away,Nottingham Forest,Coventry,2026-09-19T16:30:00Z,yes,1576482.17,0.18109319123072354,0.17899031106578275,0.17485124747822978,,0.2,320.5,0.15,0.16,0.165,0.16,0.18,0.195
KXEPLGAME-26SEP19NEWHUL,KXEPLGAME-26SEP19NEWHUL-TIE,draw,Newcastle,Hull City,2026-09-19T14:00:00Z,no,482473.01,0.21989533097266611,0.21220159151193632,0.21650179856115107,,0.18,317.0,0.23,0.23,0.22,0.22,0.22,0.20500000000000002
KXEPLGAME-26SEP19NEWHUL,KXEPLGAME-26SEP19NEWHUL-NEW,home,Newcastle,Hull City,2026-09-19T14:00:00Z,yes,970787.89,0.5933024967753067,0.5968169761273209,0.6013938848920863,,0.73,325.0,0.61,0.61,0.61,0.59,0.6,0.635
KXEPLGAME-26SEP19NEWHUL,KXEPLGAME-26SEP19NEWHUL-HUL,away,Newcastle,Hull City,2026-09-19T14:00:00Z,no,1125474.49,0.18680217225202728,0.19098143236074272,0.18210431654676262,,0.73,329.0,0.18,0.18,0.19,0.19,0.2,0.155
KXEPLGAME-26SEP19EVEIPS,KXEPLGAME-26SEP19EVEIPS-TIE,draw,Everton,Ipswich Town,2026-09-19T14:00:00Z,no,268398.95,0.2449948669376754,0.24033930254476912,0.24234716777880844,,0.24,318.0,0.26,0.26,0.26,0.245,0.245,0.235
KXEPLGAME-26SEP19EVEIPS,KXEPLGAME-26SEP19EVEIPS-IPS,away,Everton,Ipswich Town,2026-09-19T14:00:00Z,no,375357.43,0.21291878955080146,0.20829406220546653,0.21305245519016125,,0.16999999999999998,318.0,0.2,0.21,0.22,0.21,0.20500000000000002,0.215
KXEPLGAME-26SEP19EVEIPS,KXEPLGAME-26SEP19EVEIPS-EVE,home,Everton,Ipswich Town,2026-09-19T14:00:00Z,yes,712683.95,0.5420863435115231,0.5513666352497644,0.5446003770310303,,0.565,317.0,0.55,0.55,0.54,0.55,0.55,0.53
KXEPLGAME-26SEP19BRIARS,KXEPLGAME-26SEP19BRIARS-TIE,draw,Brighton,Arsenal,2026-09-19T14:00:00Z,no,814102.62,0.24592973436161097,0.2502944640753828,0.24545638808188633,,0.235,315.0,0.25,0.25,0.24,0.24,0.235,0.235
KXEPLGAME-26SEP19BRIARS,KXEPLGAME-26SEP19BRIARS-BRI,home,Brighton,Arsenal,2026-09-19T14:00:00Z,yes,1664127.41,0.19194515852613536,0.19022379269729095,0.18701439091953242,,0.20500000000000002,315.0,0.19,0.18,0.19,0.19,0.2,0.2
KXEPLGAME-26SEP19BRIARS,KXEPLGAME-26SEP19BRIARS-ARS,away,Brighton,Arsenal,2026-09-19T14:00:00Z,no,4731966.14,0.5621251071122536,0.5594817432273262,0.5675292209985812,,0.74,330.0,0.58,0.58,0.58,0.59,0.58,0.58
KXEPLGAME-26SEP19TOTAVL,KXEPLGAME-26SEP19TOTAVL-TOT,home,Tottenham,Aston Villa,2026-09-19T11:30:00Z,no,1107980.47,0.500653540095992,0.5082095387021109,0.5057217881803742,,0.44,315.5,0.51,0.5,0.49,0.48,0.48,0.475
KXEPLGAME-26SEP19TOTAVL,KXEPLGAME-26SEP19TOTAVL-TIE,draw,Tottenham,Aston Villa,2026-09-19T11:30:00Z,no,558736.28,0.2509907667855238,0.2507167057597081,0.2502674490225954,,0.28,315.5,0.27,0.27,0.27,0.265,0.27,0.26
KXEPLGAME-26SEP19TOTAVL,KXEPLGAME-26SEP19TOTAVL-AVL,away,Tottenham,Aston Villa,2026-09-19T11:30:00Z,yes,1859729.3,0.24835569311848416,0.24107375553818092,0.2440107627970305,,0.29000000000000004,315.5,0.24,0.25,0.25,0.26,0.27,0.255
KXEPLGAME-26SEP18BRECFC,KXEPLGAME-26SEP18BRECFC-TIE,draw,Brentford,Chelsea,2026-09-18T19:00:00Z,no,1323056.88,0.26029740755362546,0.2634088200238379,0.25924183990217287,,0.255,313.0,0.27,0.27,0.26,0.26,0.26,0.23
KXEPLGAME-26SEP18BRECFC,KXEPLGAME-26SEP18BRECFC-CFC,away,Brentford,Chelsea,2026-09-18T19:00:00Z,no,5190933.24,0.36623239899986837,0.3647199046483909,0.3668516602389239,,0.8,350.0,0.36,0.39,0.38,0.42,0.43,0.43
KXEPLGAME-26SEP18BRECFC,KXEPLGAME-26SEP18BRECFC-BRE,home,Brentford,Chelsea,2026-09-18T19:00:00Z,yes,2325159.46,0.3734701934465061,0.3718712753277712,0.3739064998589032,,0.365,313.0,0.39,0.36,0.36,0.34,0.33,0.315
KXEPLGAME-26SEP14LEENEW,KXEPLGAME-26SEP14LEENEW-TIE,draw,Leeds United,Newcastle,2026-09-14T19:00:00Z,no,475790.97,0.27281990860891303,0.27111984282907664,0.2735632183908046,,0.265,344.0,0.29,0.28,0.28,0.27,0.28,0.27
KXEPLGAME-26SEP14LEENEW,KXEPLGAME-26SEP14LEENEW-NEW,away,Leeds United,Newcastle,2026-09-14T19:00:00Z,no,1015182.66,0.31676405496202653,0.3163064833005894,0.31264367816091954,,0.395,344.0,0.32,0.32,0.31,0.32,0.33,0.33
KXEPLGAME-26SEP14LEENEW,KXEPLGAME-26SEP14LEENEW-LEE,home,Leeds United,Newcastle,2026-09-14T19:00:00Z,yes,774710.54,0.41041603642906044,0.41257367387033406,0.4137931034482759,,0.385,344.0,0.41,0.42,0.42,0.42,0.405,0.4
KXEPLGAME-26SEP13MUNMCI,KXEPLGAME-26SEP13MUNMCI-TIE,draw,Manchester United,Manchester City,2026-09-13T15:30:00Z,no,1570494.65,0.2510249864624429,0.25287356321839083,0.24840624313035836,,0.28,334.5,0.26,0.25,0.25,0.25,0.245,0.25
KXEPLGAME-26SEP13MUNMCI,KXEPLGAME-26SEP13MUNMCI-MUN,home,Manchester United,Manchester City,2026-09-13T15:30:00Z,no,2789968.53,0.31995049121992725,0.3160919540229885,0.3229281160694658,,0.31000000000000005,338.5,0.32,0.32,0.32,0.3,0.3,0.32
KXEPLGAME-26SEP13MUNMCI,KXEPLGAME-26SEP13MUNMCI-MCI,away,Manchester United,Manchester City,2026-09-13T15:30:00Z,yes,6695965.31,0.4290245223176297,0.4310344827586207,0.42866564080017594,,0.44999999999999996,338.5,0.45,0.45,0.45,0.47,0.47,0.45
KXEPLGAME-26SEP13COVBRI,KXEPLGAME-26SEP13COVBRI-TIE,draw,Coventry,Brighton,2026-09-13T13:00:00Z,no,181347.17,0.25012972251735816,0.24896952615818213,0.24836601307189543,,0.245,331.0,0.26,0.26,0.26,0.26,0.255,0.255
KXEPLGAME-26SEP13COVBRI,KXEPLGAME-26SEP13COVBRI-COV,home,Coventry,Brighton,2026-09-13T13:00:00Z,no,338972.5,0.2548491512441007,0.25569843227056543,0.2549019607843137,,0.2,336.0,0.24,0.24,0.24,0.24,0.235,0.225
KXEPLGAME-26SEP13COVBRI,KXEPLGAME-26SEP13COVBRI-BRI,away,Coventry,Brighton,2026-09-13T13:00:00Z,yes,894749.55,0.49502112623854116,0.49533204157125243,0.49673202614379086,,0.55,331.0,0.52,0.52,0.51,0.51,0.52,0.525
KXEPLGAME-26SEP12SUNARS,KXEPLGAME-26SEP12SUNARS-TIE,draw,Sunderland,Arsenal,2026-09-12T19:00:00Z,no,649154.45,0.254590570719603,0.25974025974025977,0.2626852267624607,,0.58,339.0,0.26,0.25,0.25,0.22,0.215,0.22
KXEPLGAME-26SEP12SUNARS,KXEPLGAME-26SEP12SUNARS-SUN,home,Sunderland,Arsenal,2026-09-12T19:00:00Z,no,1026133.16,0.16079404466501243,0.15584415584415584,0.1535698248765155,,0.81,339.0,0.16,0.14,0.14,0.11,0.13,0.13
KXEPLGAME-26SEP12SUNARS,KXEPLGAME-26SEP12SUNARS-ARS,away,Sunderland,Arsenal,2026-09-12T19:00:00Z,yes,4994000.79,0.5846153846153846,0.5844155844155844,0.5837449483610238,,0.81,339.0,0.6,0.63,0.63,0.66,0.67,0.66
KXEPLGAME-26SEP12TOTEVE,KXEPLGAME-26SEP12TOTEVE-TOT,home,Tottenham,Everton,2026-09-12T16:30:00Z,no,1625245.22,0.4768747735780703,0.4701492537313433,0.4760271035251737,,0.81,335.5,0.49,0.48,0.48,0.48,0.475,0.48
KXEPLGAME-26SEP12TOTEVE,KXEPLGAME-26SEP12TOTEVE-TIE,draw,Tottenham,Everton,2026-09-12T16:30:00Z,yes,633472.59,0.2601135128607656,0.2611940298507463,0.2602281499270949,,0.27,315.5,0.26,0.25,0.27,0.27,0.265,0.25
KXEPLGAME-26SEP12TOTEVE,KXEPLGAME-26SEP12TOTEVE-EVE,away,Tottenham,Everton,2026-09-12T16:30:00Z,no,777503.81,0.2630117135611641,0.26865671641791045,0.26374474654773133,,0.275,315.5,0.27,0.27,0.27,0.27,0.27,0.25
KXEPLGAME-26SEP12LFCFUL,KXEPLGAME-26SEP12LFCFUL-TIE,draw,Liverpool,Fulham,2026-09-12T14:00:00Z,yes,531981.07,0.20613274853241145,0.20588235294117646,0.20530912160334172,,0.04,333.0,0.21,0.21,0.2,0.19,0.195,0.19
KXEPLGAME-26SEP12LFCFUL,KXEPLGAME-26SEP12LFCFUL-LFC,home,Liverpool,Fulham,2026-09-12T14:00:00Z,no,2964308.37,0.6293919921856296,0.6176470588235294,0.6373975997489368,,0.8,327.0,0.65,0.65,0.66,0.69,0.67,0.69
KXEPLGAME-26SEP12LFCFUL,KXEPLGAME-26SEP12LFCFUL-FUL,away,Liverpool,Fulham,2026-09-12T14:00:00Z,no,594639.75,0.16447525928195894,0.17647058823529413,0.1572932786477215,,0.135,313.0,0.16,0.16,0.16,0.14,0.14,0.135
KXEPLGAME-26SEP12CRYIPS,KXEPLGAME-26SEP12CRYIPS-TIE,draw,Crystal Palace,Ipswich Town,2026-09-12T14:00:00Z,no,354473.53,0.2610391387647113,0.25291718053315626,0.2648323301805675,,0.255,313.0,0.27,0.26,0.26,0.26,0.26,0.255
KXEPLGAME-26SEP12CRYIPS,KXEPLGAME-26SEP12CRYIPS-IPS,away,Crystal Palace,Ipswich Town,2026-09-12T14:00:00Z,yes,411009.82,0.28897910774564367,0.3059482022578503,0.28374892519346523,,0.21000000000000002,313.0,0.29,0.26,0.24,0.24,0.24,0.235
KXEPLGAME-26SEP12CRYIPS,KXEPLGAME-26SEP12CRYIPS-CRY,home,Crystal Palace,Ipswich Town,2026-09-12T14:00:00Z,no,810509.23,0.44998175348964514,0.44113461720899344,0.45141874462596737,,0.81,331.0,0.46,0.47,0.52,0.53,0.52,0.51
KXEPLGAME-26SEP12CFCHUL,KXEPLGAME-26SEP12CFCHUL-TIE,draw,Chelsea,Hull City,2026-09-12T14:00:00Z,yes,1190439.9,0.14144093514667866,0.14557024957740877,0.13832179930795846,,0.05,322.0,0.14,0.14,0.14,0.15,0.15,0.15
KXEPLGAME-26SEP12CFCHUL,KXEPLGAME-26SEP12CFCHUL-HUL,away,Chelsea,Hull City,2026-09-12T14:00:00Z,no,1984758.86,0.07888052152410925,0.07885055185442974,0.07448096885813149,,0.05,322.0,0.08,0.08,0.08,0.07,0.08,0.09
KXEPLGAME-26SEP12CFCHUL,KXEPLGAME-26SEP12CFCHUL-CFC,home,Chelsea,Hull City,2026-09-12T14:00:00Z,no,2071224.1,0.7796785433292122,0.7755791985681615,0.78719723183391,,0.81,344.0,0.81,0.81,0.8,0.8,0.79,0.78
KXEPLGAME-26SEP12BOUBRE,KXEPLGAME-26SEP12BOUBRE-TIE,draw,Bournemouth,Brentford,2026-09-12T14:00:00Z,yes,289407.95,0.26306356807029874,0.2631578947368421,0.261222038732923,,0.265,313.0,0.27,0.27,0.27,0.27,0.27,0.27
KXEPLGAME-26SEP12BOUBRE,KXEPLGAME-26SEP12BOUBRE-BRE,away,Bournemouth,Brentford,2026-09-12T14:00:00Z,no,262257.36,0.3245354671382723,0.3157894736842105,0.32217384777060504,,0.4,318.0,0.33,0.34,0.35,0.35,0.35,0.36
KXEPLGAME-26SEP12BOUBRE,KXEPLGAME-26SEP12BOUBRE-BOU,home,Bournemouth,Brentford,2026-09-12T14:00:00Z,no,391358.39,0.412400964791429,0.42105263157894735,0.4166041134964721,,0.42,313.0,0.41,0.4,0.4,0.385,0.39,0.38
KXEPLGAME-26SEP12AVLNFO,KXEPLGAME-26SEP12AVLNFO-TIE,draw,Aston Villa,Nottingham Forest,2026-09-12T14:00:00Z,no,478511.08,0.27622171689789804,0.27982899339292655,0.27653631284916197,,0.25,313.0,0.29,0.29,0.29,0.28,0.28,0.265
KXEPLGAME-26SEP12AVLNFO,KXEPLGAME-26SEP12AVLNFO-NFO,away,Aston Villa,Nottingham Forest,2026-09-12T14:00:00Z,yes,584770.4,0.2970032880751694,0.29731830547998445,0.29329608938547486,,0.2,313.0,0.29,0.29,0.29,0.29,0.295,0.26
KXEPLGAME-26SEP12AVLNFO,KXEPLGAME-26SEP12AVLNFO-AVL,home,Aston Villa,Nottingham Forest,2026-09-12T14:00:00Z,no,988622.81,0.42677499502693256,0.42285270112708895,0.4301675977653631,,0.81,332.0,0.43,0.44,0.43,0.43,0.44,0.455
KXEPLGAME-26SEP06ARSCFC,KXEPLGAME-26SEP06ARSCFC-TIE,draw,Arsenal,Chelsea,2026-09-06T15:30:00Z,no,1418300.53,0.24528187020577136,0.24300331026181163,0.2431824571267922,,0.29,336.5,0.25,0.25,0.25,0.24,0.25,0.245
KXEPLGAME-26SEP06ARSCFC,KXEPLGAME-26SEP06ARSCFC-CFC,away,Arsenal,Chelsea,2026-09-06T15:30:00Z,no,4725408.75,0.1992268355046877,0.1995185073728558,0.1945459657014338,,0.175,336.5,0.2,0.2,0.19,0.21,0.19,0.19
KXEPLGAME-26SEP06ARSCFC,KXEPLGAME-26SEP06ARSCFC-ARS,home,Arsenal,Chelsea,2026-09-06T15:30:00Z,yes,3924268.63,0.555491294289541,0.5574781823653325,0.5622715771717739,,0.58,340.5,0.56,0.57,0.57,0.57,0.56,0.57
KXEPLGAME-26SEP06EVEMUN,KXEPLGAME-26SEP06EVEMUN-TIE,draw,Everton,Manchester United,2026-09-06T13:00:00Z,yes,1197223.19,0.24712254570074474,0.24916943521594684,0.25148908007941767,,0.3,331.0,0.25,0.26,0.27,0.27,0.265,0.27
KXEPLGAME-26SEP06EVEMUN,KXEPLGAME-26SEP06EVEMUN-MUN,away,Everton,Manchester United,2026-09-06T13:00:00Z,no,3722389.57,0.4942450914014895,0.4983388704318937,0.4904037061548644,,0.41,334.0,0.51,0.51,0.48,0.46,0.46,0.42
KXEPLGAME-26SEP06EVEMUN,KXEPLGAME-26SEP06EVEMUN-EVE,home,Everton,Manchester United,2026-09-06T13:00:00Z,no,814974.66,0.2586323628977657,0.25249169435215946,0.2581072137657181,,0.33999999999999997,334.0,0.25,0.25,0.29,0.29,0.28500000000000003,0.31
KXEPLGAME-26SEP05HULAVL,KXEPLGAME-26SEP05HULAVL-TIE,draw,Hull City,Aston Villa,2026-09-05T16:30:00Z,yes,435036.76,0.26210346450063143,0.2642135841748513,0.26349281168984207,,0.235,313.5,0.26,0.27,0.27,0.26,0.27,0.265
KXEPLGAME-26SEP05HULAVL,KXEPLGAME-26SEP05HULAVL-HUL,home,Hull City,Aston Villa,2026-09-05T16:30:00Z,no,1220790.99,0.24003863202991502,0.23779222575736617,0.22979024275276924,,0.20500000000000002,313.5,0.23,0.22,0.24,0.24,0.24,0.24
KXEPLGAME-26SEP05HULAVL,KXEPLGAME-26SEP05HULAVL-AVL,away,Hull City,Aston Villa,2026-09-05T16:30:00Z,no,913928.92,0.49785790346945347,0.49799419006778256,0.5067169455573887,,0.58,339.5,0.53,0.53,0.52,0.52,0.51,0.52
KXEPLGAME-26SEP05NFOTOT,KXEPLGAME-26SEP05NFOTOT-TOT,away,Nottingham Forest,Tottenham,2026-09-05T14:00:00Z,no,895478.06,0.36221047760539715,0.36087484811664644,0.36706728929036214,,0.37,311.0,0.37,0.36,0.34,0.34,0.35,0.36
KXEPLGAME-26SEP05NFOTOT,KXEPLGAME-26SEP05NFOTOT-TIE,draw,Nottingham Forest,Tottenham,2026-09-05T14:00:00Z,yes,471232.61,0.2796950729438126,0.2876063183475091,0.2779223761769884,,0.275,311.0,0.29,0.28,0.28,0.28,0.275,0.275
KXEPLGAME-26SEP05NFOTOT,KXEPLGAME-26SEP05NFOTOT-NFO,home,Nottingham Forest,Tottenham,2026-09-05T14:00:00Z,no,693525.88,0.35809444945079033,0.35151883353584445,0.35501033453264946,,0.81,337.0,0.35,0.36,0.41,0.4,0.38,0.355
KXEPLGAME-26SEP05MCICOV,KXEPLGAME-26SEP05MCICOV-TIE,draw,Manchester City,Coventry,2026-09-05T14:00:00Z,no,637075.64,0.131793531670817,0.12605801627085214,0.1230193027945837,,0.12000000000000001,311.0,0.13,0.12,0.11,0.11,0.11,0.11499999999999999
KXEPLGAME-26SEP05MCICOV,KXEPLGAME-26SEP05MCICOV-MCI,home,Manchester City,Coventry,2026-09-05T14:00:00Z,yes,3842201.43,0.7951912247029126,0.8012162051113485,0.8066839527513685,,0.81,338.0,0.82,0.84,0.86,0.85,0.85,0.83
KXEPLGAME-26SEP05MCICOV,KXEPLGAME-26SEP05MCICOV-COV,away,Manchester City,Coventry,2026-09-05T14:00:00Z,no,1361316.25,0.07301524362627052,0.07272577861779932,0.07029674445404782,,0.07,311.0,0.07,0.06,0.05,0.06,0.06,0.07
KXEPLGAME-26SEP05FULCRY,KXEPLGAME-26SEP05FULCRY-TIE,draw,Fulham,Crystal Palace,2026-09-05T14:00:00Z,no,190199.47,0.2792216061030527,0.28205128205128205,0.2817001600569091,,0.29000000000000004,311.0,0.29,0.29,0.29,0.29,0.28500000000000003,0.28
KXEPLGAME-26SEP05FULCRY,KXEPLGAME-26SEP05FULCRY-FUL,home,Fulham,Crystal Palace,2026-09-05T14:00:00Z,no,439214.33,0.43822279846729095,0.4358974358974359,0.4382002489774142,,0.43,311.0,0.44,0.45,0.46,0.43,0.415,0.415
KXEPLGAME-26SEP05FULCRY,KXEPLGAME-26SEP05FULCRY-CRY,away,Fulham,Crystal Palace,2026-09-05T14:00:00Z,yes,580351.95,0.2825555954296563,0.28205128205128205,0.2800995909656767,,0.57,312.0,0.29,0.27,0.25,0.3,0.305,0.3
KXEPLGAME-26SEP05BRILEE,KXEPLGAME-26SEP05BRILEE-TIE,draw,Brighton,Leeds United,2026-09-05T14:00:00Z,yes,289221.02,0.26012373150048707,0.2548524257681154,0.26031533042603155,,0.255,311.0,0.27,0.25,0.27,0.265,0.255,0.245
KXEPLGAME-26SEP05BRILEE,KXEPLGAME-26SEP05BRILEE-LEE,away,Brighton,Leeds United,2026-09-05T14:00:00Z,no,340940.99,0.2531499049187046,0.25145439342454057,0.2515934250251594,,0.2,311.0,0.25,0.26,0.26,0.25,0.23,0.23
KXEPLGAME-26SEP05BRILEE,KXEPLGAME-26SEP05BRILEE-BRI,home,Brighton,Leeds United,2026-09-05T14:00:00Z,no,628375.84,0.48672636358080834,0.49369318080734403,0.48809124454880914,,0.57,311.0,0.5,0.49,0.48,0.5,0.515,0.535
KXEPLGAME-26SEP05BRESUN,KXEPLGAME-26SEP05BRESUN-TIE,draw,Brentford,Sunderland,2026-09-05T14:00:00Z,yes,265644.98,0.24467914008470487,0.24781341107871718,0.24444320805630512,,0.245,311.0,0.24,0.25,0.25,0.235,0.235,0.24
KXEPLGAME-26SEP05BRESUN,KXEPLGAME-26SEP05BRESUN-SUN,away,Brentford,Sunderland,2026-09-05T14:00:00Z,no,403822.13,0.19314140710162794,0.19825072886297374,0.19361838261885556,,0.185,311.0,0.19,0.19,0.2,0.17,0.165,0.18
KXEPLGAME-26SEP05BRESUN,KXEPLGAME-26SEP05BRESUN-BRE,home,Brentford,Sunderland,2026-09-05T14:00:00Z,no,438094.45,0.5621794528136671,0.5539358600583091,0.5619384093248394,,0.575,311.0,0.58,0.57,0.57,0.61,0.61,0.6
KXEPLGAME-26SEP05NEWBOU,KXEPLGAME-26SEP05NEWBOU-TIE,draw,Newcastle,Bournemouth,2026-09-05T11:30:00Z,yes,554475.44,0.2599147121535181,0.269917914051183,0.25516993346520406,,0.265,308.5,0.25,0.26,0.26,0.255,0.26,0.245
KXEPLGAME-26SEP05NEWBOU,KXEPLGAME-26SEP05NEWBOU-NEW,home,Newcastle,Bournemouth,2026-09-05T11:30:00Z,no,1687649.67,0.4462686567164179,0.43940125543215836,0.45099802193850025,,0.405,308.5,0.47,0.47,0.47,0.46,0.45,0.43
KXEPLGAME-26SEP05NEWBOU,KXEPLGAME-26SEP05NEWBOU-BOU,away,Newcastle,Bournemouth,2026-09-05T11:30:00Z,no,618146.3,0.29381663113006395,0.2906808305166586,0.29383204459629564,,0.33999999999999997,308.5,0.29,0.28,0.29,0.29,0.295,0.315
KXEPLGAME-26SEP04IPSLFC,KXEPLGAME-26SEP04IPSLFC-TIE,draw,Ipswich Town,Liverpool,2026-09-04T19:00:00Z,no,224950.16,0.21872187218721875,0.21813017509942711,0.21771331584632,,0.235,292.0,0.22,0.21,0.2,0.19,0.2,0.2
KXEPLGAME-26SEP04IPSLFC,KXEPLGAME-26SEP04IPSLFC-LFC,away,Ipswich Town,Liverpool,2026-09-04T19:00:00Z,yes,2948783.56,0.585958595859586,0.5830269494941478,0.5901866995833976,,0.81,352.0,0.61,0.64,0.65,0.65,0.65,0.62
KXEPLGAME-26SEP04IPSLFC,KXEPLGAME-26SEP04IPSLFC-IPS,home,Ipswich Town,Liverpool,2026-09-04T19:00:00Z,no,473273.85,0.19531953195319532,0.19884287540642515,0.19209998457028238,,0.16999999999999998,292.0,0.19,0.16,0.16,0.16,0.18,0.2
KXEPLGAME-26AUG31AVLARS,KXEPLGAME-26AUG31AVLARS-TIE,draw,Aston Villa,Arsenal,2026-08-31T19:00:00Z,no,772027.03,0.2139352306182532,0.21777811986399054,0.21807747489239596,,0.11,284.0,0.21,0.21,0.22,0.22,0.23,0.23
KXEPLGAME-26AUG31AVLARS,KXEPLGAME-26AUG31AVLARS-AVL,home,Aston Villa,Arsenal,2026-08-31T19:00:00Z,no,1379637.48,0.14425907752698724,0.14507373215555064,0.13629842180774748,,0.48,282.0,0.14,0.15,0.15,0.14,0.15,0.15
KXEPLGAME-26AUG31AVLARS,KXEPLGAME-26AUG31AVLARS-ARS,away,Aston Villa,Arsenal,2026-08-31T19:00:00Z,yes,7332953.52,0.6418056918547597,0.6371481479804588,0.6456241032998565,,0.81,351.0,0.67,0.65,0.65,0.65,0.65,0.65
KXEPLGAME-26AUG30MUNIPS,KXEPLGAME-26AUG30MUNIPS-TIE,draw,Manchester United,Ipswich Town,2026-08-30T15:30:00Z,no,524834.48,0.17469656588976218,0.17039631021523746,0.17224880382775118,,0.09,255.5,0.18,0.19,0.19,0.19,0.185,0.185
KXEPLGAME-26AUG30MUNIPS,KXEPLGAME-26AUG30MUNIPS-MUN,home,Manchester United,Ipswich Town,2026-08-30T15:30:00Z,yes,3150046.97,0.7026973807058343,0.7046463956269218,0.7177033492822967,,0.81,332.5,0.73,0.72,0.71,0.69,0.69,0.7
KXEPLGAME-26AUG30MUNIPS,KXEPLGAME-26AUG30MUNIPS-IPS,away,Manchester United,Ipswich Town,2026-08-30T15:30:00Z,no,1181741.74,0.1226060534044034,0.12495729415784079,0.11004784688995214,,0.21,245.5,0.12,0.12,0.11,0.12,0.14,0.13
KXEPLGAME-26AUG30SUNFUL,KXEPLGAME-26AUG30SUNFUL-TIE,draw,Sunderland,Fulham,2026-08-30T13:00:00Z,no,278586.16,0.28694151304745313,0.288135593220339,0.2855925231428296,,0.07,229.0,0.29,0.29,0.29,0.28500000000000003,0.28500000000000003,0.295
KXEPLGAME-26AUG30SUNFUL,KXEPLGAME-26AUG30SUNFUL-SUN,home,Sunderland,Fulham,2026-08-30T13:00:00Z,yes,697654.56,0.4252421522189733,0.43220338983050843,0.4296524684449649,,0.57,251.0,0.43,0.42,0.4,0.4,0.39,0.365
KXEPLGAME-26AUG30SUNFUL,KXEPLGAME-26AUG30SUNFUL-FUL,away,Sunderland,Fulham,2026-08-30T13:00:00Z,no,492414.83,0.28781633473357343,0.2796610169491525,0.2847550084122054,,0.36,252.0,0.29,0.31,0.32,0.32,0.32,0.345
KXEPLGAME-26AUG30LEEBRE,KXEPLGAME-26AUG30LEEBRE-TIE,draw,Leeds United,Brentford,2026-08-30T13:00:00Z,yes,535916.52,0.27686691222008536,0.2776203966005666,0.2770621772599005,,0.22,276.0,0.28,0.28,0.29,0.28500000000000003,0.28,0.275
KXEPLGAME-26AUG30LEEBRE,KXEPLGAME-26AUG30LEEBRE-LEE,home,Leeds United,Brentford,2026-08-30T13:00:00Z,no,535404.73,0.34355748231689426,0.3371104815864023,0.34265640297160843,,0.14,278.0,0.35,0.35,0.38,0.37,0.365,0.375
KXEPLGAME-26AUG30LEEBRE,KXEPLGAME-26AUG30LEEBRE-BRE,away,Leeds United,Brentford,2026-08-30T13:00:00Z,no,1394480.9,0.37957560546302027,0.38526912181303113,0.380281419768491,,0.55,248.0,0.38,0.39,0.35,0.35,0.35,0.35
KXEPLGAME-26AUG30CFCBRI,KXEPLGAME-26AUG30CFCBRI-TIE,draw,Chelsea,Brighton,2026-08-30T13:00:00Z,no,433472.05,0.24524999741613637,0.2483544819162652,0.24093264248704663,,0.57,247.0,0.25,0.25,0.26,0.25,0.25,0.25
KXEPLGAME-26AUG30CFCBRI,KXEPLGAME-26AUG30CFCBRI-CFC,home,Chelsea,Brighton,2026-08-30T13:00:00Z,yes,3329512.48,0.5132827814774876,0.5157087602632829,0.5181347150259067,,0.76,248.0,0.53,0.53,0.51,0.54,0.53,0.475
KXEPLGAME-26AUG30CFCBRI,KXEPLGAME-26AUG30CFCBRI-BRI,away,Chelsea,Brighton,2026-08-30T13:00:00Z,no,1043434.26,0.24146722110637592,0.23593675782045195,0.24093264248704663,,0.75,329.0,0.24,0.23,0.25,0.22,0.25,0.27
KXEPLGAME-26AUG29TOTNEW,KXEPLGAME-26AUG29TOTNEW-TOT,home,Tottenham,Newcastle,2026-08-29T16:30:00Z,no,1377565.61,0.43697786355482743,0.44113461720899344,0.4342754914198301,,0.22,278.5,0.44,0.45,0.44,0.42,0.42,0.44
KXEPLGAME-26AUG29TOTNEW,KXEPLGAME-26AUG29TOTNEW-TIE,draw,Tottenham,Newcastle,2026-08-29T16:30:00Z,no,640696.66,0.2559952061697218,0.25291718053315626,0.2557272124541175,,0.21,256.5,0.26,0.26,0.26,0.26,0.26,0.255
KXEPLGAME-26AUG29TOTNEW,KXEPLGAME-26AUG29TOTNEW-NEW,away,Tottenham,Newcastle,2026-08-29T16:30:00Z,yes,1727965.88,0.30702693027545064,0.3059482022578503,0.30999729612605237,,0.58,277.5,0.32,0.31,0.3,0.33,0.32,0.29
KXEPLGAME-26AUG29COVHUL,KXEPLGAME-26AUG29COVHUL-TIE,draw,Coventry,Hull City,2026-08-29T14:00:00Z,no,477129.49,0.24812342600063572,0.2453754161752191,0.24553571428571425,,0.1,232.0,0.27,0.27,0.27,0.27,0.27,0.26
KXEPLGAME-26AUG29COVHUL,KXEPLGAME-26AUG29COVHUL-HUL,away,Coventry,Hull City,2026-08-29T14:00:00Z,yes,1422247.7,0.20081175578865013,0.20146613117544301,0.19642857142857142,,0.06,232.0,0.19,0.2,0.21,0.22,0.22,0.23
KXEPLGAME-26AUG29COVHUL,KXEPLGAME-26AUG29COVHUL-COV,home,Coventry,Hull City,2026-08-29T14:00:00Z,no,628627.37,0.5510648182107143,0.5531584526493378,0.5580357142857143,,0.19,301.0,0.56,0.55,0.55,0.53,0.53,0.51
KXEPLGAME-26AUG29BOUEVE,KXEPLGAME-26AUG29BOUEVE-TIE,draw,Bournemouth,Everton,2026-08-29T14:00:00Z,yes,412720.7,0.2735935296943029,0.2726406101048618,0.27870649493011784,,0.07,300.0,0.28,0.28,0.28,0.27,0.28,0.26
KXEPLGAME-26AUG29BOUEVE,KXEPLGAME-26AUG29BOUEVE-EVE,away,Bournemouth,Everton,2026-08-29T14:00:00Z,no,699787.11,0.29217086813033577,0.2936129647283127,0.2877500685119211,,0.15,300.0,0.29,0.28,0.27,0.27,0.27,0.255
KXEPLGAME-26AUG29BOUEVE,KXEPLGAME-26AUG29BOUEVE-BOU,home,Bournemouth,Everton,2026-08-29T14:00:00Z,no,894836.57,0.4342356021753614,0.43374642516682554,0.43354343655796107,,0.21,300.0,0.44,0.46,0.46,0.46499999999999997,0.46,0.47
KXEPLGAME-26AUG29LFCNFO,KXEPLGAME-26AUG29LFCNFO-TIE,draw,Liverpool,Nottingham,2026-08-29T11:30:00Z,yes,1538830.35,0.20036325614515824,0.20874471086036672,0.1951244081797119,,0.09,300.5,0.2,0.19,0.21,0.21,0.195,0.215
KXEPLGAME-26AUG29LFCNFO,KXEPLGAME-26AUG29LFCNFO-NFO,away,Liverpool,Nottingham,2026-08-29T11:30:00Z,no,2134703.67,0.15463174119577072,0.15655853314527504,0.1500956985997784,,0.48,300.5,0.13,0.13,0.15,0.16,0.14500000000000002,0.155
KXEPLGAME-26AUG29LFCNFO,KXEPLGAME-26AUG29LFCNFO-LFC,home,Liverpool,Nottingham,2026-08-29T11:30:00Z,no,4730363.44,0.645005002659071,0.6346967559943583,0.6547798932205098,,0.8,333.5,0.68,0.68,0.67,0.65,0.65,0.64
KXEPLGAME-26AUG28CRYMCI,KXEPLGAME-26AUG28CRYMCI-TIE,draw,Crystal Palace,Manchester City,2026-08-28T19:00:00Z,no,248905.71,0.22820400674796795,0.22560160427807488,0.2279892844263562,,0.8,333.0,0.23,0.24,0.23,0.23,0.215,0.22
KXEPLGAME-26AUG28CRYMCI,KXEPLGAME-26AUG28CRYMCI-MCI,away,Crystal Palace,Manchester City,2026-08-28T19:00:00Z,yes,4102937.93,0.5817793505364861,0.5848930481283423,0.5870382772654681,,0.81,353.0,0.6,0.6,0.59,0.58,0.61,0.62
KXEPLGAME-26AUG28CRYMCI,KXEPLGAME-26AUG28CRYMCI-CRY,home,Crystal Palace,Manchester City,2026-08-28T19:00:00Z,no,588520.95,0.1900166427155459,0.18950534759358292,0.18497243830817578,,0.8,339.0,0.18,0.18,0.19,0.19,0.175,0.2
KXEPLGAME-26AUG24FULCFC,KXEPLGAME-26AUG24FULCFC-TIE,draw,Fulham,Chelsea,2026-08-24T19:00:00Z,no,880585.56,0.2693192512809788,0.2717731541152642,0.269029057406095,,0.265,350.0,0.28,0.26,0.25,0.24,0.25,0.245
KXEPLGAME-26AUG24FULCFC,KXEPLGAME-26AUG24FULCFC-FUL,home,Fulham,Chelsea,2026-08-24T19:00:00Z,no,1547978.57,0.2640384816480184,0.2642238998342847,0.2653437278525868,,0.31,350.0,0.25,0.26,0.24,0.24,0.24,0.255
KXEPLGAME-26AUG24FULCFC,KXEPLGAME-26AUG24FULCFC-CFC,away,Fulham,Chelsea,2026-08-24T19:00:00Z,yes,5342375.48,0.4666422670710028,0.46400294605045117,0.4656272147413182,,0.45999999999999996,350.0,0.48,0.49,0.52,0.53,0.53,0.5
KXEPLGAME-26AUG23NEWLFC,KXEPLGAME-26AUG23NEWLFC-TIE,draw,Newcastle,Liverpool,2026-08-23T15:30:00Z,yes,1198062.74,0.2479359837419027,0.24342105263157898,0.2758132956152758,,0.25,350.5,0.25,0.25,0.25,0.25,0.24,0.235
KXEPLGAME-26AUG23NEWLFC,KXEPLGAME-26AUG23NEWLFC-NEW,home,Newcastle,Liverpool,2026-08-23T15:30:00Z,no,1935195.95,0.25877471527160334,0.24342105263157898,0.2828854314002829,,0.28,350.5,0.25,0.24,0.26,0.25,0.24,0.26
KXEPLGAME-26AUG23NEWLFC,KXEPLGAME-26AUG23NEWLFC-LFC,away,Newcastle,Liverpool,2026-08-23T15:30:00Z,no,3851033.6,0.493289300986494,0.513157894736842,0.4413012729844413,,0.47,350.5,0.51,0.51,0.51,0.52,0.51,0.52
KXEPLGAME-26AUG23MCIBOU,KXEPLGAME-26AUG23MCIBOU-TIE,draw,Manchester City,Bournemouth,2026-08-23T13:00:00Z,no,1138272.06,0.19719911115704616,0.21069019200830302,0.19636087945413194,,0.18,344.0,0.2,0.2,0.2,0.19,0.185,0.185
KXEPLGAME-26AUG23MCIBOU,KXEPLGAME-26AUG23MCIBOU-MCI,home,Manchester City,Bournemouth,2026-08-23T13:00:00Z,yes,4389972.57,0.6545914939796393,0.6538661131292164,0.6633813495072025,,0.66,344.0,0.68,0.66,0.67,0.66,0.67,0.665
KXEPLGAME-26AUG23MCIBOU,KXEPLGAME-26AUG23MCIBOU-BOU,away,Manchester City,Bournemouth,2026-08-23T13:00:00Z,no,1422044.4,0.14820939486331455,0.13544369486248053,0.14025777103866566,,0.16,344.0,0.13,0.14,0.15,0.16,0.16,0.15000000000000002
KXEPLGAME-26AUG23BRIAVL,KXEPLGAME-26AUG23BRIAVL-TIE,draw,Brighton,Aston Villa,2026-08-23T13:00:00Z,no,171885.65,0.276541560556089,0.26973684210526316,0.27801800524562276,,0.265,344.0,0.28,0.28,0.27,0.27,0.27,0.255
KXEPLGAME-26AUG23BRIAVL,KXEPLGAME-26AUG23BRIAVL-BRI,home,Brighton,Aston Villa,2026-08-23T13:00:00Z,yes,547723.28,0.4555588026551998,0.46052631578947373,0.4589919897923017,,0.41500000000000004,344.0,0.46,0.46,0.45,0.44,0.435,0.425
KXEPLGAME-26AUG23BRIAVL,KXEPLGAME-26AUG23BRIAVL-AVL,away,Brighton,Aston Villa,2026-08-23T13:00:00Z,no,636250.65,0.26789963678871126,0.26973684210526316,0.26299000496207553,,0.32499999999999996,344.0,0.28,0.29,0.29,0.3,0.31,0.33
KXEPLGAME-26AUG22BRETOT,KXEPLGAME-26AUG22BRETOT-TOT,away,Brentford,Tottenham,2026-08-22T16:30:00Z,no,1704038.91,0.2764520199656256,0.2708333333333333,0.2830495828528793,,0.38,347.5,0.3,0.3,0.29,0.35,0.35,0.37
KXEPLGAME-26AUG22BRETOT,KXEPLGAME-26AUG22BRETOT-TIE,draw,Brentford,Tottenham,2026-08-22T16:30:00Z,no,531079.84,0.25260710180147455,0.24305555555555558,0.2540188564064302,,0.265,347.5,0.26,0.26,0.26,0.26,0.26,0.26
KXEPLGAME-26AUG22BRETOT,KXEPLGAME-26AUG22BRETOT-BRE,home,Brentford,Tottenham,2026-08-22T16:30:00Z,yes,1286417.48,0.4709408782328998,0.48611111111111116,0.4629315607406904,,0.4,347.5,0.46,0.45,0.46,0.4,0.39,0.375
KXEPLGAME-26AUG22NFOLEE,KXEPLGAME-26AUG22NFOLEE-TIE,draw,Nottingham,Leeds United,2026-08-22T14:00:00Z,no,184107.86,0.29458917835671344,0.29555646147574394,0.29647058823529415,,0.21,346.0,0.3,0.29,0.29,0.28,0.275,0.29
KXEPLGAME-26AUG22NFOLEE,KXEPLGAME-26AUG22NFOLEE-NFO,home,Nottingham,Leeds United,2026-08-22T14:00:00Z,no,353106.36,0.3847695390781563,0.3783122706889523,0.3823529411764706,,0.62,347.0,0.4,0.4,0.42,0.41,0.405,0.415
KXEPLGAME-26AUG22NFOLEE,KXEPLGAME-26AUG22NFOLEE-LEE,away,Nottingham,Leeds United,2026-08-22T14:00:00Z,yes,631763.62,0.32064128256513025,0.32613126783530366,0.32117647058823534,,0.18,346.0,0.32,0.31,0.31,0.31,0.305,0.3
KXEPLGAME-26AUG22IPSSUN,KXEPLGAME-26AUG22IPSSUN-TIE,draw,Ipswich Town,Sunderland,2026-08-22T14:00:00Z,no,240322.03,0.29277544686476237,0.29239766081871343,0.29680365296803657,,0.315,346.0,0.3,0.3,0.3,0.29,0.28500000000000003,0.28500000000000003
KXEPLGAME-26AUG22IPSSUN,KXEPLGAME-26AUG22IPSSUN-SUN,away,Ipswich Town,Sunderland,2026-08-22T14:00:00Z,no,440639.08,0.3741019598827519,0.3859649122807018,0.3767123287671233,,0.78,347.0,0.38,0.37,0.37,0.37,0.365,0.37
KXEPLGAME-26AUG22IPSSUN,KXEPLGAME-26AUG22IPSSUN-IPS,home,Ipswich Town,Sunderland,2026-08-22T14:00:00Z,yes,313796.81,0.33312259325248583,0.3216374269005848,0.3264840182648402,,0.33999999999999997,345.0,0.33,0.35,0.35,0.35,0.355,0.355
KXEPLGAME-26AUG22EVECRY,KXEPLGAME-26AUG22EVECRY-TIE,draw,Everton,Crystal Palace,2026-08-22T14:00:00Z,no,142686.37,0.2816968693270486,0.2807486631016043,0.28055698813821556,,0.09,347.0,0.29,0.29,0.29,0.275,0.275,0.275
KXEPLGAME-26AUG22EVECRY,KXEPLGAME-26AUG22EVECRY-EVE,home,Everton,Crystal Palace,2026-08-22T14:00:00Z,yes,1076729.21,0.4079747762667601,0.40106951871657753,0.4125838060856112,,0.38,347.0,0.42,0.43,0.44,0.44,0.435,0.44
KXEPLGAME-26AUG22EVECRY,KXEPLGAME-26AUG22EVECRY-CRY,away,Everton,Crystal Palace,2026-08-22T14:00:00Z,no,259669.92,0.3103283544061913,0.3181818181818181,0.3068592057761733,,0.4,348.0,0.31,0.3,0.3,0.29,0.29,0.29
KXEPLGAME-26AUG22HULMUN,KXEPLGAME-26AUG22HULMUN-TIE,draw,Hull City,Manchester United,2026-08-22T11:30:00Z,no,332018.99,0.18466138271228205,0.1881483810122603,0.17775535212282853,,0.32,345.5,0.18,0.18,0.19,0.19,0.185,0.195
KXEPLGAME-26AUG22HULMUN,KXEPLGAME-26AUG22HULMUN-MUN,away,Hull City,Manchester United,2026-08-22T11:30:00Z,no,2199072.34,0.7041937803431054,0.7073247406475951,0.713616377135443,,0.33,345.5,0.72,0.73,0.73,0.72,0.72,0.68
KXEPLGAME-26AUG22HULMUN,KXEPLGAME-26AUG22HULMUN-HUL,home,Hull City,Manchester United,2026-08-22T11:30:00Z,yes,1996169.37,0.11114483694461262,0.10452687834014461,0.10862827074172854,,0.23,345.5,0.1,0.1,0.1,0.10500000000000001,0.10500000000000001,0.11499999999999999
KXEPLGAME-26AUG21ARSCOV,KXEPLGAME-26AUG21ARSCOV-TIE,draw,Arsenal,Coventry,2026-08-21T19:00:00Z,no,430378.27,0.14124293785310735,0.12605801627085214,0.13129750454025693,,0.13,350.0,0.14,0.14,0.13,0.12,0.12,0.10500000000000001
KXEPLGAME-26AUG21ARSCOV,KXEPLGAME-26AUG21ARSCOV-COV,away,Arsenal,Coventry,2026-08-21T19:00:00Z,no,932907.28,0.06779661016949153,0.07272577861779932,0.061545705253245445,,0.08,350.0,0.06,0.06,0.06,0.06,0.06,0.06
KXEPLGAME-26AUG21ARSCOV,KXEPLGAME-26AUG21ARSCOV-ARS,home,Arsenal,Coventry,2026-08-21T19:00:00Z,yes,2474488.58,0.7909604519774012,0.8012162051113485,0.8071567902064977,,0.8,353.0,0.82,0.82,0.82,0.83,0.84,0.83
