kickoff,match,bet,hours_before,our_p,price,gap,color,stake,count,fee,won,pnl,bank_after,clv,pct_of_bank,gap_band
2026-08-21T19:00,Arsenal v Coventry,Arsenal no,205.0,0.693,0.17,12.7,yellow,71.42,420,4.15,False,-75.55,924.45,0.5,7.1,10 to 15
2026-08-22T11:30,Hull City v Manchester United,Manchester United no,247.5,0.543,0.32,12.2,yellow,65.0,203,3.1,True,134.94,1059.39,-5.0,7.0,10 to 15
2026-08-23T13:00,Manchester City v Bournemouth,Manchester City no,4.0,0.575,0.33,8.0,green,65.64,198,3.07,False,-68.41,990.98,-2.0,6.2,7 to 10
2026-08-23T15:30,Newcastle v Liverpool,Liverpool no,200.5,0.368,0.49,12.4,yellow,70.19,143,2.51,True,70.42,1061.4,-1.2,7.1,10 to 15
2026-08-24T19:00,Fulham v Chelsea,Chelsea no,211.0,0.327,0.54,11.5,yellow,73.29,135,2.35,False,-75.25,986.15,-3.2,6.9,10 to 15
2026-08-29T11:30,Liverpool v Nottingham,Liverpool no,111.5,0.5,0.35,13.4,yellow,71.85,205,3.27,True,129.98,1116.13,-4.1,7.3,10 to 15
2026-08-29T14:00,Coventry v Hull City,Coventry no,143.0,0.204,0.49,28.8,yellow,89.29,182,3.19,True,89.63,1205.76,-6.2,8.0,15 and up
2026-08-30T13:00,Chelsea v Brighton,Chelsea no,134.0,0.365,0.5,11.7,yellow,83.71,167,2.93,False,-86.43,1119.33,-4.2,6.9,10 to 15
2026-08-31T19:00,Aston Villa v Arsenal,Arsenal no,195.0,0.524,0.38,8.0,green,69.38,182,3.01,False,-72.17,1047.16,-6.1,6.2,7 to 10
2026-09-05T14:00,Nottingham Forest v Tottenham,Tottenham no,141.0,0.249,0.64,9.5,green,68.13,106,1.71,True,36.45,1083.61,-2.1,6.5,7 to 10
2026-09-05T14:00,Manchester City v Coventry,Manchester City no,10.0,0.777,0.14,7.4,green,65.97,471,3.97,False,-69.91,1013.7,3.7,6.1,7 to 10
2026-09-05T14:00,Brentford v Sunderland,Brentford no,93.0,0.482,0.4,10.1,yellow,67.18,167,2.81,True,97.39,1111.09,0.8,6.6,10 to 15
2026-09-05T16:30,Hull City v Aston Villa,Hull City yes,153.5,0.424,0.25,16.1,yellow,86.85,347,4.56,False,-91.31,1019.78,-3.8,7.8,15 and up
2026-09-12T14:00,Liverpool v Fulham,Liverpool no,166.0,0.539,0.32,12.6,yellow,72.59,226,3.45,True,150.23,1170.01,2.0,7.1,10 to 15
2026-09-12T14:00,Crystal Palace v Ipswich Town,Crystal Palace yes,1.0,0.559,0.47,7.1,green,70.46,149,2.6,False,-72.63,1097.38,-3.2,6.0,7 to 10
2026-09-12T14:00,Chelsea v Hull City,Hull City yes,213.0,0.323,0.08,23.8,yellow,87.79,1097,5.66,False,-93.42,1003.96,-1.0,8.0,15 and up
2026-09-12T16:30,Tottenham v Everton,Everton yes,109.5,0.36,0.27,7.6,green,61.39,227,3.14,False,-64.43,939.53,-1.9,6.1,7 to 10
2026-09-12T19:00,Sunderland v Arsenal,Arsenal no,145.0,0.535,0.35,9.9,green,61.75,176,2.81,False,-64.41,875.12,3.9,6.6,7 to 10
2026-09-18T19:00,Brentford v Chelsea,Chelsea no,141.0,0.342,0.57,7.0,green,52.58,92,1.58,True,37.98,913.1,5.8,6.0,7 to 10
2026-09-19T11:30,Tottenham v Aston Villa,Aston Villa yes,192.5,0.349,0.26,7.5,green,55.76,214,2.89,True,155.47,1068.57,-3.8,6.1,7 to 10
2026-09-19T14:00,Newcastle v Hull City,Hull City yes,129.0,0.323,0.17,14.3,yellow,79.82,469,4.64,False,-84.37,984.2,-0.5,7.5,10 to 15
2026-09-19T14:00,Brighton v Arsenal,Arsenal no,263.0,0.458,0.45,7.5,green,59.96,133,2.31,True,70.84,1055.04,-4.2,6.1,7 to 10
2026-09-20T13:00,Manchester City v Sunderland,Manchester City no,164.0,0.638,0.26,8.8,green,67.2,258,3.48,False,-70.56,984.48,1.2,6.4,7 to 10
2026-09-20T13:00,Bournemouth v Liverpool,Liverpool no,150.0,0.329,0.55,10.4,yellow,65.72,119,2.07,False,-67.52,916.96,-0.2,6.7,10 to 15
