keyword,service,trade,intent,searcher,match_type,source,planner_avg_monthly,planner_competition,planner_bid_low,planner_bid_high,serp_ad_count,serp_advertisers,status,ad_group,landing_page,notes
email marketing for contractors,email-marketing,contractor,buy,contractor,phrase,seed+serp,,,,,,,candidate,,/email-marketing/,Seed. Agency pages share the SERP with software and guides; https://www.logicalposition.com/industry/contractors/email | seed from the plan
email marketing agency for home services,email-marketing,contractor,buy,contractor,phrase,seed+serp,,,,,,,candidate,,/email-marketing/,Seed. Agency lists plus specialists Superpath LeadsNearby ServiceHawk; https://superpath.com/services/email-marketing/ | seed from the plan
drip campaign for hvac company,email-marketing,hvac,learn,learner,phrase,seed+serp,,,,,,,parked,,/email-marketing/,Seed. Mailchimp and HubSpot glossaries plus ACCA blog; https://mailchimp.com/marketing-glossary/drip-campaign/ | seed from the plan
quote follow up email automation,email-marketing,contractor,compare,contractor,phrase,seed+serp,,,,,,,parked,,/email-marketing/,Seed. SERP is all software (ServiceM8 Jobber QuoteIQ); https://support.servicem8.com/hc/en-us/articles/212550866-Quote-Follow-Up-Automation | seed from the plan
past customer email campaign contractor,email-marketing,contractor,buy,contractor,phrase,seed+serp,,,,,,,candidate,,/email-marketing/,Seed. Blogs only; phrased as win-back and reactivation; https://aiemaily.com/blog/contractor-past-customer-reactivation-email-campaign | seed from the plan
lead nurture for contractors,email-marketing,contractor,buy,contractor,phrase,seed+serp,,,,,,,candidate,,/email-marketing/,Seed. Company 119 guide and Contractor Marketing Pros service page; https://www.company119.com/contractor-lead-nurturing/ | seed from the plan
email marketing for electricians,email-marketing,electrician,buy,contractor,phrase,seed+serp,,,,,,,candidate,,/email-marketing/,Seed. RSM agency page ranks with ServiceTitan guide and Sequenzy tools; https://rsmconnect.com/construction-marketing/electricians/email-marketing/ | seed from the plan
email marketing for av companies,email-marketing,integrator,buy,contractor,phrase,seed+serp,,,,,,,candidate,,/email-marketing/,Seed. One Firefly and New North rank; av companies also pulls commercial AV; https://newnorth.com/how-to-build-an-email-marketing-campaign-for-av-integrators-in-5-steps/ | seed from the plan
proposal follow up email contractor,email-marketing,contractor,learn,learner,negative,seed+serp,,,,,,,negative,,/email-marketing/,Seed. Template pages (Bonsai Indeed PandaDoc Build-Folio); https://build-folio.com/contractor-guides/follow-up-email-templates/ | seed from the plan
email marketing agency for av companies,email-marketing,integrator,buy,contractor,phrase,matrix,,,,,,,candidate,,/email-marketing/,
av company email marketing company,email-marketing,integrator,buy,contractor,phrase,matrix,,,,,,,candidate,,/email-marketing/,
email marketing services for av companies,email-marketing,integrator,buy,contractor,phrase,matrix,,,,,,,candidate,,/email-marketing/,
email marketing for av integrators,email-marketing,integrator,buy,contractor,exact,matrix+competitor,,,,,,,candidate,,/email-marketing/,One Firefly title and h1; https://onefirefly.com/marketing-services/digital-marketing/content-marketing/email-marketing
email marketing agency for av integrators,email-marketing,integrator,buy,contractor,phrase,matrix,,,,,,,candidate,,/email-marketing/,
av integrator email marketing company,email-marketing,integrator,buy,contractor,phrase,matrix,,,,,,,candidate,,/email-marketing/,
email marketing services for av integrators,email-marketing,integrator,buy,contractor,phrase,matrix,,,,,,,candidate,,/email-marketing/,
email marketing for home automation companies,email-marketing,integrator,buy,contractor,phrase,matrix+serp,,,,,,,candidate,,/email-marketing/,Only blogs rank; no agency page; https://brainito.com/blog/marketing-strategies-for-home-automation-businesses
email marketing agency for home automation companies,email-marketing,integrator,buy,contractor,phrase,matrix,,,,,,,candidate,,/email-marketing/,
home automation company email marketing company,email-marketing,integrator,buy,contractor,phrase,matrix,,,,,,,candidate,,/email-marketing/,
email marketing services for home automation companies,email-marketing,integrator,buy,contractor,phrase,matrix,,,,,,,candidate,,/email-marketing/,
email marketing for smart home installers,email-marketing,integrator,buy,contractor,phrase,matrix+serp,,,,,,,candidate,,/email-marketing/,Clicks Geek has a smart home installers page; https://clicksgeek.com/industries/smart-home-installers/
email marketing agency for smart home installers,email-marketing,integrator,buy,contractor,phrase,matrix,,,,,,,candidate,,/email-marketing/,
smart home installer email marketing company,email-marketing,integrator,buy,contractor,phrase,matrix,,,,,,,candidate,,/email-marketing/,
email marketing services for smart home installers,email-marketing,integrator,buy,contractor,phrase,matrix,,,,,,,candidate,,/email-marketing/,
email marketing for home theater companies,email-marketing,integrator,buy,contractor,phrase,matrix,,,,,,,candidate,,/email-marketing/,
email marketing agency for home theater companies,email-marketing,integrator,buy,contractor,phrase,matrix,,,,,,,candidate,,/email-marketing/,
home theater company email marketing company,email-marketing,integrator,buy,contractor,phrase,matrix,,,,,,,candidate,,/email-marketing/,
email marketing services for home theater companies,email-marketing,integrator,buy,contractor,phrase,matrix,,,,,,,candidate,,/email-marketing/,
email marketing for low voltage contractors,email-marketing,integrator,buy,contractor,phrase,matrix,,,,,,,candidate,,/email-marketing/,
email marketing agency for low voltage contractors,email-marketing,integrator,buy,contractor,phrase,matrix,,,,,,,candidate,,/email-marketing/,
low voltage contractor email marketing company,email-marketing,integrator,buy,contractor,phrase,matrix,,,,,,,candidate,,/email-marketing/,
email marketing services for low voltage contractors,email-marketing,integrator,buy,contractor,phrase,matrix,,,,,,,candidate,,/email-marketing/,
email marketing for integrators,email-marketing,integrator,buy,contractor,phrase,matrix,,,,,,,candidate,,/email-marketing/,
email marketing agency for integrators,email-marketing,integrator,buy,contractor,phrase,matrix,,,,,,,candidate,,/email-marketing/,
integrator email marketing company,email-marketing,integrator,buy,contractor,phrase,matrix,,,,,,,candidate,,/email-marketing/,
email marketing services for integrators,email-marketing,integrator,buy,contractor,phrase,matrix,,,,,,,candidate,,/email-marketing/,
email marketing agency for electricians,email-marketing,electrician,buy,contractor,phrase,matrix,,,,,,,candidate,,/email-marketing/,
electrician email marketing company,email-marketing,electrician,buy,contractor,phrase,matrix,,,,,,,candidate,,/email-marketing/,
email marketing services for electricians,email-marketing,electrician,buy,contractor,phrase,matrix,,,,,,,candidate,,/email-marketing/,
email marketing for electrical contractors,email-marketing,electrician,buy,contractor,phrase,matrix+serp,,,,,,,candidate,,/email-marketing/,Electricians Success Academy phrasing; https://electricians-success-academy.com/videos/electrician-business-email
email marketing agency for electrical contractors,email-marketing,electrician,buy,contractor,phrase,matrix,,,,,,,candidate,,/email-marketing/,
electrical contractor email marketing company,email-marketing,electrician,buy,contractor,phrase,matrix,,,,,,,candidate,,/email-marketing/,
email marketing services for electrical contractors,email-marketing,electrician,buy,contractor,phrase,matrix,,,,,,,candidate,,/email-marketing/,
email marketing for hvac companies,email-marketing,hvac,buy,contractor,phrase,matrix+serp,,,,,,,candidate,,/email-marketing/,HubSpot tools list ranks beside 1SEO and Blue Corona; https://1seo.com/email-marketing/hvac-email-marketing/
email marketing agency for hvac companies,email-marketing,hvac,buy,contractor,phrase,matrix,,,,,,,candidate,,/email-marketing/,
hvac company email marketing company,email-marketing,hvac,buy,contractor,phrase,matrix,,,,,,,candidate,,/email-marketing/,
email marketing services for hvac companies,email-marketing,hvac,buy,contractor,phrase,matrix,,,,,,,candidate,,/email-marketing/,
email marketing for heating and air companies,email-marketing,hvac,buy,contractor,phrase,matrix,,,,,,,candidate,,/email-marketing/,
email marketing agency for heating and air companies,email-marketing,hvac,buy,contractor,phrase,matrix,,,,,,,candidate,,/email-marketing/,
heating and air company email marketing company,email-marketing,hvac,buy,contractor,phrase,matrix,,,,,,,candidate,,/email-marketing/,
email marketing services for heating and air companies,email-marketing,hvac,buy,contractor,phrase,matrix,,,,,,,candidate,,/email-marketing/,
email marketing for roofing companies,email-marketing,roofing,buy,contractor,phrase,matrix+serp,,,,,,,candidate,,/email-marketing/,Constant Contact and Roofr (software) rank with RSM and Blue Corona; https://rsmconnect.com/construction-marketing/roofing/email-marketing/
email marketing agency for roofing companies,email-marketing,roofing,buy,contractor,phrase,matrix,,,,,,,candidate,,/email-marketing/,
roofing company email marketing company,email-marketing,roofing,buy,contractor,phrase,matrix,,,,,,,candidate,,/email-marketing/,
email marketing services for roofing companies,email-marketing,roofing,buy,contractor,phrase,matrix,,,,,,,candidate,,/email-marketing/,
email marketing for roofers,email-marketing,roofing,buy,contractor,phrase,matrix+serp,,,,,,,candidate,,/email-marketing/,Roofr masterclass and ProLine CRM rank (software); https://useproline.com/is-email-marketing-for-roofers-a-waste-of-time/
email marketing agency for roofers,email-marketing,roofing,buy,contractor,phrase,matrix,,,,,,,candidate,,/email-marketing/,
roofer email marketing company,email-marketing,roofing,buy,contractor,phrase,matrix,,,,,,,candidate,,/email-marketing/,
email marketing services for roofers,email-marketing,roofing,buy,contractor,phrase,matrix,,,,,,,candidate,,/email-marketing/,
email marketing for plumbers,email-marketing,plumbing,buy,contractor,phrase,matrix+serp,,,,,,,candidate,,/email-marketing/,1SEO and Blue Corona rank with Levitate (software); https://1seo.com/email-marketing/plumber-email-marketing/
email marketing agency for plumbers,email-marketing,plumbing,buy,contractor,phrase,matrix,,,,,,,candidate,,/email-marketing/,
plumber email marketing company,email-marketing,plumbing,buy,contractor,phrase,matrix,,,,,,,candidate,,/email-marketing/,
email marketing services for plumbers,email-marketing,plumbing,buy,contractor,exact,matrix+competitor,,,,,,,candidate,,/email-marketing/,Blue Corona h1; https://www.bluecorona.com/digital-marketing/email-marketing/plumbing/
email marketing for plumbing companies,email-marketing,plumbing,buy,contractor,phrase,matrix,,,,,,,candidate,,/email-marketing/,
email marketing agency for plumbing companies,email-marketing,plumbing,buy,contractor,phrase,matrix,,,,,,,candidate,,/email-marketing/,
plumbing company email marketing company,email-marketing,plumbing,buy,contractor,phrase,matrix,,,,,,,candidate,,/email-marketing/,
email marketing services for plumbing companies,email-marketing,plumbing,buy,contractor,phrase,matrix,,,,,,,candidate,,/email-marketing/,
email marketing agency for contractors,email-marketing,contractor,buy,contractor,phrase,matrix,,,,,,,candidate,,/email-marketing/,
contractor email marketing company,email-marketing,contractor,buy,contractor,phrase,matrix,,,,,,,candidate,,/email-marketing/,
email marketing services for contractors,email-marketing,contractor,buy,contractor,exact,matrix+competitor,,,,,,,candidate,,/email-marketing/,Blue Corona h1 (their page misspells Contractors); https://www.bluecorona.com/digital-marketing/email-marketing/contractors/
email marketing for home services companies,email-marketing,contractor,buy,contractor,phrase,matrix,,,,,,,candidate,,/email-marketing/,
email marketing agency for home services companies,email-marketing,contractor,buy,contractor,phrase,matrix,,,,,,,candidate,,/email-marketing/,
home services company email marketing company,email-marketing,contractor,buy,contractor,phrase,matrix,,,,,,,candidate,,/email-marketing/,
email marketing services for home services companies,email-marketing,contractor,buy,contractor,phrase,matrix,,,,,,,candidate,,/email-marketing/,
email automation for av companies,email-marketing,integrator,buy,contractor,phrase,matrix,,,,,,,candidate,,/email-marketing/,
email automation agency for av companies,email-marketing,integrator,buy,contractor,phrase,matrix,,,,,,,candidate,,/email-marketing/,
av company email automation company,email-marketing,integrator,buy,contractor,phrase,matrix,,,,,,,candidate,,/email-marketing/,
email automation services for av companies,email-marketing,integrator,buy,contractor,phrase,matrix,,,,,,,candidate,,/email-marketing/,
email automation for av integrators,email-marketing,integrator,buy,contractor,phrase,matrix,,,,,,,candidate,,/email-marketing/,
email automation agency for av integrators,email-marketing,integrator,buy,contractor,phrase,matrix,,,,,,,candidate,,/email-marketing/,
av integrator email automation company,email-marketing,integrator,buy,contractor,phrase,matrix,,,,,,,candidate,,/email-marketing/,
email automation services for av integrators,email-marketing,integrator,buy,contractor,phrase,matrix,,,,,,,candidate,,/email-marketing/,
email automation for home automation companies,email-marketing,integrator,buy,contractor,phrase,matrix,,,,,,,candidate,,/email-marketing/,
email automation agency for home automation companies,email-marketing,integrator,buy,contractor,phrase,matrix,,,,,,,candidate,,/email-marketing/,
home automation company email automation company,email-marketing,integrator,buy,contractor,phrase,matrix,,,,,,,candidate,,/email-marketing/,
email automation services for home automation companies,email-marketing,integrator,buy,contractor,phrase,matrix,,,,,,,candidate,,/email-marketing/,
email automation for smart home installers,email-marketing,integrator,buy,contractor,phrase,matrix,,,,,,,candidate,,/email-marketing/,
email automation agency for smart home installers,email-marketing,integrator,buy,contractor,phrase,matrix,,,,,,,candidate,,/email-marketing/,
smart home installer email automation company,email-marketing,integrator,buy,contractor,phrase,matrix,,,,,,,candidate,,/email-marketing/,
email automation services for smart home installers,email-marketing,integrator,buy,contractor,phrase,matrix,,,,,,,candidate,,/email-marketing/,
email automation for home theater companies,email-marketing,integrator,buy,contractor,phrase,matrix,,,,,,,candidate,,/email-marketing/,
email automation agency for home theater companies,email-marketing,integrator,buy,contractor,phrase,matrix,,,,,,,candidate,,/email-marketing/,
home theater company email automation company,email-marketing,integrator,buy,contractor,phrase,matrix,,,,,,,candidate,,/email-marketing/,
email automation services for home theater companies,email-marketing,integrator,buy,contractor,phrase,matrix,,,,,,,candidate,,/email-marketing/,
email automation for low voltage contractors,email-marketing,integrator,buy,contractor,phrase,matrix,,,,,,,candidate,,/email-marketing/,
email automation agency for low voltage contractors,email-marketing,integrator,buy,contractor,phrase,matrix,,,,,,,candidate,,/email-marketing/,
low voltage contractor email automation company,email-marketing,integrator,buy,contractor,phrase,matrix,,,,,,,candidate,,/email-marketing/,
email automation services for low voltage contractors,email-marketing,integrator,buy,contractor,phrase,matrix,,,,,,,candidate,,/email-marketing/,
email automation for integrators,email-marketing,integrator,buy,contractor,phrase,matrix,,,,,,,candidate,,/email-marketing/,
email automation agency for integrators,email-marketing,integrator,buy,contractor,phrase,matrix,,,,,,,candidate,,/email-marketing/,
integrator email automation company,email-marketing,integrator,buy,contractor,phrase,matrix,,,,,,,candidate,,/email-marketing/,
email automation services for integrators,email-marketing,integrator,buy,contractor,phrase,matrix,,,,,,,candidate,,/email-marketing/,
email automation for electricians,email-marketing,electrician,buy,contractor,phrase,matrix,,,,,,,candidate,,/email-marketing/,
email automation agency for electricians,email-marketing,electrician,buy,contractor,phrase,matrix,,,,,,,candidate,,/email-marketing/,
electrician email automation company,email-marketing,electrician,buy,contractor,phrase,matrix,,,,,,,candidate,,/email-marketing/,
email automation services for electricians,email-marketing,electrician,buy,contractor,phrase,matrix,,,,,,,candidate,,/email-marketing/,
email automation for electrical contractors,email-marketing,electrician,buy,contractor,phrase,matrix,,,,,,,candidate,,/email-marketing/,
email automation agency for electrical contractors,email-marketing,electrician,buy,contractor,phrase,matrix,,,,,,,candidate,,/email-marketing/,
electrical contractor email automation company,email-marketing,electrician,buy,contractor,phrase,matrix,,,,,,,candidate,,/email-marketing/,
email automation services for electrical contractors,email-marketing,electrician,buy,contractor,phrase,matrix,,,,,,,candidate,,/email-marketing/,
email automation for hvac companies,email-marketing,hvac,buy,contractor,phrase,matrix,,,,,,,candidate,,/email-marketing/,
email automation agency for hvac companies,email-marketing,hvac,buy,contractor,phrase,matrix,,,,,,,candidate,,/email-marketing/,
hvac company email automation company,email-marketing,hvac,buy,contractor,phrase,matrix,,,,,,,candidate,,/email-marketing/,
email automation services for hvac companies,email-marketing,hvac,buy,contractor,phrase,matrix,,,,,,,candidate,,/email-marketing/,
email automation for heating and air companies,email-marketing,hvac,buy,contractor,phrase,matrix,,,,,,,candidate,,/email-marketing/,
email automation agency for heating and air companies,email-marketing,hvac,buy,contractor,phrase,matrix,,,,,,,candidate,,/email-marketing/,
heating and air company email automation company,email-marketing,hvac,buy,contractor,phrase,matrix,,,,,,,candidate,,/email-marketing/,
email automation services for heating and air companies,email-marketing,hvac,buy,contractor,phrase,matrix,,,,,,,candidate,,/email-marketing/,
email automation for roofing companies,email-marketing,roofing,buy,contractor,phrase,matrix,,,,,,,candidate,,/email-marketing/,
email automation agency for roofing companies,email-marketing,roofing,buy,contractor,phrase,matrix,,,,,,,candidate,,/email-marketing/,
roofing company email automation company,email-marketing,roofing,buy,contractor,phrase,matrix,,,,,,,candidate,,/email-marketing/,
email automation services for roofing companies,email-marketing,roofing,buy,contractor,phrase,matrix,,,,,,,candidate,,/email-marketing/,
email automation for roofers,email-marketing,roofing,buy,contractor,phrase,matrix,,,,,,,candidate,,/email-marketing/,
email automation agency for roofers,email-marketing,roofing,buy,contractor,phrase,matrix,,,,,,,candidate,,/email-marketing/,
roofer email automation company,email-marketing,roofing,buy,contractor,phrase,matrix,,,,,,,candidate,,/email-marketing/,
email automation services for roofers,email-marketing,roofing,buy,contractor,phrase,matrix,,,,,,,candidate,,/email-marketing/,
email automation for plumbers,email-marketing,plumbing,buy,contractor,phrase,matrix,,,,,,,candidate,,/email-marketing/,
email automation agency for plumbers,email-marketing,plumbing,buy,contractor,phrase,matrix,,,,,,,candidate,,/email-marketing/,
plumber email automation company,email-marketing,plumbing,buy,contractor,phrase,matrix,,,,,,,candidate,,/email-marketing/,
email automation services for plumbers,email-marketing,plumbing,buy,contractor,phrase,matrix,,,,,,,candidate,,/email-marketing/,
email automation for plumbing companies,email-marketing,plumbing,buy,contractor,phrase,matrix,,,,,,,candidate,,/email-marketing/,
email automation agency for plumbing companies,email-marketing,plumbing,buy,contractor,phrase,matrix,,,,,,,candidate,,/email-marketing/,
plumbing company email automation company,email-marketing,plumbing,buy,contractor,phrase,matrix,,,,,,,candidate,,/email-marketing/,
email automation services for plumbing companies,email-marketing,plumbing,buy,contractor,phrase,matrix,,,,,,,candidate,,/email-marketing/,
email automation for contractors,email-marketing,contractor,buy,contractor,phrase,matrix,,,,,,,candidate,,/email-marketing/,
email automation agency for contractors,email-marketing,contractor,buy,contractor,phrase,matrix,,,,,,,candidate,,/email-marketing/,
contractor email automation company,email-marketing,contractor,buy,contractor,phrase,matrix,,,,,,,candidate,,/email-marketing/,
email automation services for contractors,email-marketing,contractor,buy,contractor,phrase,matrix,,,,,,,candidate,,/email-marketing/,
email automation for home services companies,email-marketing,contractor,buy,contractor,phrase,matrix,,,,,,,candidate,,/email-marketing/,
email automation agency for home services companies,email-marketing,contractor,buy,contractor,phrase,matrix,,,,,,,candidate,,/email-marketing/,
home services company email automation company,email-marketing,contractor,buy,contractor,phrase,matrix,,,,,,,candidate,,/email-marketing/,
email automation services for home services companies,email-marketing,contractor,buy,contractor,phrase,matrix,,,,,,,candidate,,/email-marketing/,
drip campaign for av companies,email-marketing,integrator,buy,contractor,phrase,matrix,,,,,,,candidate,,/email-marketing/,
drip campaign agency for av companies,email-marketing,integrator,buy,contractor,phrase,matrix,,,,,,,candidate,,/email-marketing/,
av company drip campaign company,email-marketing,integrator,buy,contractor,phrase,matrix,,,,,,,candidate,,/email-marketing/,
drip campaign services for av companies,email-marketing,integrator,buy,contractor,phrase,matrix,,,,,,,candidate,,/email-marketing/,
drip campaign for av integrators,email-marketing,integrator,buy,contractor,phrase,matrix,,,,,,,candidate,,/email-marketing/,
drip campaign agency for av integrators,email-marketing,integrator,buy,contractor,phrase,matrix,,,,,,,candidate,,/email-marketing/,
av integrator drip campaign company,email-marketing,integrator,buy,contractor,phrase,matrix,,,,,,,candidate,,/email-marketing/,
drip campaign services for av integrators,email-marketing,integrator,buy,contractor,phrase,matrix,,,,,,,candidate,,/email-marketing/,
drip campaign for home automation companies,email-marketing,integrator,buy,contractor,phrase,matrix,,,,,,,candidate,,/email-marketing/,
drip campaign agency for home automation companies,email-marketing,integrator,buy,contractor,phrase,matrix,,,,,,,candidate,,/email-marketing/,
home automation company drip campaign company,email-marketing,integrator,buy,contractor,phrase,matrix,,,,,,,candidate,,/email-marketing/,
drip campaign services for home automation companies,email-marketing,integrator,buy,contractor,phrase,matrix,,,,,,,candidate,,/email-marketing/,
drip campaign for smart home installers,email-marketing,integrator,buy,contractor,phrase,matrix,,,,,,,candidate,,/email-marketing/,
drip campaign agency for smart home installers,email-marketing,integrator,buy,contractor,phrase,matrix,,,,,,,candidate,,/email-marketing/,
smart home installer drip campaign company,email-marketing,integrator,buy,contractor,phrase,matrix,,,,,,,candidate,,/email-marketing/,
drip campaign services for smart home installers,email-marketing,integrator,buy,contractor,phrase,matrix,,,,,,,candidate,,/email-marketing/,
drip campaign for home theater companies,email-marketing,integrator,buy,contractor,phrase,matrix,,,,,,,candidate,,/email-marketing/,
drip campaign agency for home theater companies,email-marketing,integrator,buy,contractor,phrase,matrix,,,,,,,candidate,,/email-marketing/,
home theater company drip campaign company,email-marketing,integrator,buy,contractor,phrase,matrix,,,,,,,candidate,,/email-marketing/,
drip campaign services for home theater companies,email-marketing,integrator,buy,contractor,phrase,matrix,,,,,,,candidate,,/email-marketing/,
drip campaign for low voltage contractors,email-marketing,integrator,buy,contractor,phrase,matrix,,,,,,,candidate,,/email-marketing/,
drip campaign agency for low voltage contractors,email-marketing,integrator,buy,contractor,phrase,matrix,,,,,,,candidate,,/email-marketing/,
low voltage contractor drip campaign company,email-marketing,integrator,buy,contractor,phrase,matrix,,,,,,,candidate,,/email-marketing/,
drip campaign services for low voltage contractors,email-marketing,integrator,buy,contractor,phrase,matrix,,,,,,,candidate,,/email-marketing/,
drip campaign for integrators,email-marketing,integrator,buy,contractor,phrase,matrix,,,,,,,candidate,,/email-marketing/,
drip campaign agency for integrators,email-marketing,integrator,buy,contractor,phrase,matrix,,,,,,,candidate,,/email-marketing/,
integrator drip campaign company,email-marketing,integrator,buy,contractor,phrase,matrix,,,,,,,candidate,,/email-marketing/,
drip campaign services for integrators,email-marketing,integrator,buy,contractor,phrase,matrix,,,,,,,candidate,,/email-marketing/,
drip campaign for electricians,email-marketing,electrician,buy,contractor,phrase,matrix,,,,,,,candidate,,/email-marketing/,
drip campaign agency for electricians,email-marketing,electrician,buy,contractor,phrase,matrix,,,,,,,candidate,,/email-marketing/,
electrician drip campaign company,email-marketing,electrician,buy,contractor,phrase,matrix,,,,,,,candidate,,/email-marketing/,
drip campaign services for electricians,email-marketing,electrician,buy,contractor,phrase,matrix,,,,,,,candidate,,/email-marketing/,
drip campaign for electrical contractors,email-marketing,electrician,buy,contractor,phrase,matrix,,,,,,,candidate,,/email-marketing/,
drip campaign agency for electrical contractors,email-marketing,electrician,buy,contractor,phrase,matrix,,,,,,,candidate,,/email-marketing/,
electrical contractor drip campaign company,email-marketing,electrician,buy,contractor,phrase,matrix,,,,,,,candidate,,/email-marketing/,
drip campaign services for electrical contractors,email-marketing,electrician,buy,contractor,phrase,matrix,,,,,,,candidate,,/email-marketing/,
drip campaign for hvac companies,email-marketing,hvac,buy,contractor,phrase,matrix,,,,,,,candidate,,/email-marketing/,
drip campaign agency for hvac companies,email-marketing,hvac,buy,contractor,phrase,matrix,,,,,,,candidate,,/email-marketing/,
hvac company drip campaign company,email-marketing,hvac,buy,contractor,phrase,matrix,,,,,,,candidate,,/email-marketing/,
drip campaign services for hvac companies,email-marketing,hvac,buy,contractor,phrase,matrix,,,,,,,candidate,,/email-marketing/,
drip campaign for heating and air companies,email-marketing,hvac,buy,contractor,phrase,matrix,,,,,,,candidate,,/email-marketing/,
drip campaign agency for heating and air companies,email-marketing,hvac,buy,contractor,phrase,matrix,,,,,,,candidate,,/email-marketing/,
heating and air company drip campaign company,email-marketing,hvac,buy,contractor,phrase,matrix,,,,,,,candidate,,/email-marketing/,
drip campaign services for heating and air companies,email-marketing,hvac,buy,contractor,phrase,matrix,,,,,,,candidate,,/email-marketing/,
drip campaign for roofing companies,email-marketing,roofing,buy,contractor,phrase,matrix,,,,,,,candidate,,/email-marketing/,
drip campaign agency for roofing companies,email-marketing,roofing,buy,contractor,phrase,matrix,,,,,,,candidate,,/email-marketing/,
roofing company drip campaign company,email-marketing,roofing,buy,contractor,phrase,matrix,,,,,,,candidate,,/email-marketing/,
drip campaign services for roofing companies,email-marketing,roofing,buy,contractor,phrase,matrix,,,,,,,candidate,,/email-marketing/,
drip campaign for roofers,email-marketing,roofing,buy,contractor,phrase,matrix,,,,,,,candidate,,/email-marketing/,
drip campaign agency for roofers,email-marketing,roofing,buy,contractor,phrase,matrix,,,,,,,candidate,,/email-marketing/,
roofer drip campaign company,email-marketing,roofing,buy,contractor,phrase,matrix,,,,,,,candidate,,/email-marketing/,
drip campaign services for roofers,email-marketing,roofing,buy,contractor,phrase,matrix,,,,,,,candidate,,/email-marketing/,
drip campaign for plumbers,email-marketing,plumbing,buy,contractor,phrase,matrix,,,,,,,candidate,,/email-marketing/,
drip campaign agency for plumbers,email-marketing,plumbing,buy,contractor,phrase,matrix,,,,,,,candidate,,/email-marketing/,
plumber drip campaign company,email-marketing,plumbing,buy,contractor,phrase,matrix,,,,,,,candidate,,/email-marketing/,
drip campaign services for plumbers,email-marketing,plumbing,buy,contractor,phrase,matrix,,,,,,,candidate,,/email-marketing/,
drip campaign for plumbing companies,email-marketing,plumbing,buy,contractor,phrase,matrix,,,,,,,candidate,,/email-marketing/,
drip campaign agency for plumbing companies,email-marketing,plumbing,buy,contractor,phrase,matrix,,,,,,,candidate,,/email-marketing/,
plumbing company drip campaign company,email-marketing,plumbing,buy,contractor,phrase,matrix,,,,,,,candidate,,/email-marketing/,
drip campaign services for plumbing companies,email-marketing,plumbing,buy,contractor,phrase,matrix,,,,,,,candidate,,/email-marketing/,
drip campaign for contractors,email-marketing,contractor,buy,contractor,phrase,matrix,,,,,,,candidate,,/email-marketing/,
drip campaign agency for contractors,email-marketing,contractor,buy,contractor,phrase,matrix,,,,,,,candidate,,/email-marketing/,
contractor drip campaign company,email-marketing,contractor,buy,contractor,phrase,matrix,,,,,,,candidate,,/email-marketing/,
drip campaign services for contractors,email-marketing,contractor,buy,contractor,phrase,matrix,,,,,,,candidate,,/email-marketing/,
drip campaign for home services companies,email-marketing,contractor,buy,contractor,phrase,matrix,,,,,,,candidate,,/email-marketing/,
drip campaign agency for home services companies,email-marketing,contractor,buy,contractor,phrase,matrix,,,,,,,candidate,,/email-marketing/,
home services company drip campaign company,email-marketing,contractor,buy,contractor,phrase,matrix,,,,,,,candidate,,/email-marketing/,
drip campaign services for home services companies,email-marketing,contractor,buy,contractor,phrase,matrix,,,,,,,candidate,,/email-marketing/,
email sequence for av companies,email-marketing,integrator,buy,contractor,phrase,matrix,,,,,,,candidate,,/email-marketing/,
email sequence agency for av companies,email-marketing,integrator,buy,contractor,phrase,matrix,,,,,,,candidate,,/email-marketing/,
av company email sequence company,email-marketing,integrator,buy,contractor,phrase,matrix,,,,,,,candidate,,/email-marketing/,
email sequence services for av companies,email-marketing,integrator,buy,contractor,phrase,matrix,,,,,,,candidate,,/email-marketing/,
email sequence for av integrators,email-marketing,integrator,buy,contractor,phrase,matrix,,,,,,,candidate,,/email-marketing/,
email sequence agency for av integrators,email-marketing,integrator,buy,contractor,phrase,matrix,,,,,,,candidate,,/email-marketing/,
av integrator email sequence company,email-marketing,integrator,buy,contractor,phrase,matrix,,,,,,,candidate,,/email-marketing/,
email sequence services for av integrators,email-marketing,integrator,buy,contractor,phrase,matrix,,,,,,,candidate,,/email-marketing/,
email sequence for home automation companies,email-marketing,integrator,buy,contractor,phrase,matrix,,,,,,,candidate,,/email-marketing/,
email sequence agency for home automation companies,email-marketing,integrator,buy,contractor,phrase,matrix,,,,,,,candidate,,/email-marketing/,
home automation company email sequence company,email-marketing,integrator,buy,contractor,phrase,matrix,,,,,,,candidate,,/email-marketing/,
email sequence services for home automation companies,email-marketing,integrator,buy,contractor,phrase,matrix,,,,,,,candidate,,/email-marketing/,
email sequence for smart home installers,email-marketing,integrator,buy,contractor,phrase,matrix,,,,,,,candidate,,/email-marketing/,
email sequence agency for smart home installers,email-marketing,integrator,buy,contractor,phrase,matrix,,,,,,,candidate,,/email-marketing/,
smart home installer email sequence company,email-marketing,integrator,buy,contractor,phrase,matrix,,,,,,,candidate,,/email-marketing/,
email sequence services for smart home installers,email-marketing,integrator,buy,contractor,phrase,matrix,,,,,,,candidate,,/email-marketing/,
email sequence for home theater companies,email-marketing,integrator,buy,contractor,phrase,matrix,,,,,,,candidate,,/email-marketing/,
email sequence agency for home theater companies,email-marketing,integrator,buy,contractor,phrase,matrix,,,,,,,candidate,,/email-marketing/,
home theater company email sequence company,email-marketing,integrator,buy,contractor,phrase,matrix,,,,,,,candidate,,/email-marketing/,
email sequence services for home theater companies,email-marketing,integrator,buy,contractor,phrase,matrix,,,,,,,candidate,,/email-marketing/,
email sequence for low voltage contractors,email-marketing,integrator,buy,contractor,phrase,matrix,,,,,,,candidate,,/email-marketing/,
email sequence agency for low voltage contractors,email-marketing,integrator,buy,contractor,phrase,matrix,,,,,,,candidate,,/email-marketing/,
low voltage contractor email sequence company,email-marketing,integrator,buy,contractor,phrase,matrix,,,,,,,candidate,,/email-marketing/,
email sequence services for low voltage contractors,email-marketing,integrator,buy,contractor,phrase,matrix,,,,,,,candidate,,/email-marketing/,
email sequence for integrators,email-marketing,integrator,buy,contractor,phrase,matrix,,,,,,,candidate,,/email-marketing/,
email sequence agency for integrators,email-marketing,integrator,buy,contractor,phrase,matrix,,,,,,,candidate,,/email-marketing/,
integrator email sequence company,email-marketing,integrator,buy,contractor,phrase,matrix,,,,,,,candidate,,/email-marketing/,
email sequence services for integrators,email-marketing,integrator,buy,contractor,phrase,matrix,,,,,,,candidate,,/email-marketing/,
email sequence for electricians,email-marketing,electrician,buy,contractor,phrase,matrix,,,,,,,candidate,,/email-marketing/,
email sequence agency for electricians,email-marketing,electrician,buy,contractor,phrase,matrix,,,,,,,candidate,,/email-marketing/,
electrician email sequence company,email-marketing,electrician,buy,contractor,phrase,matrix,,,,,,,candidate,,/email-marketing/,
email sequence services for electricians,email-marketing,electrician,buy,contractor,phrase,matrix,,,,,,,candidate,,/email-marketing/,
email sequence for electrical contractors,email-marketing,electrician,buy,contractor,phrase,matrix,,,,,,,candidate,,/email-marketing/,
email sequence agency for electrical contractors,email-marketing,electrician,buy,contractor,phrase,matrix,,,,,,,candidate,,/email-marketing/,
electrical contractor email sequence company,email-marketing,electrician,buy,contractor,phrase,matrix,,,,,,,candidate,,/email-marketing/,
email sequence services for electrical contractors,email-marketing,electrician,buy,contractor,phrase,matrix,,,,,,,candidate,,/email-marketing/,
email sequence for hvac companies,email-marketing,hvac,buy,contractor,phrase,matrix,,,,,,,candidate,,/email-marketing/,
email sequence agency for hvac companies,email-marketing,hvac,buy,contractor,phrase,matrix,,,,,,,candidate,,/email-marketing/,
hvac company email sequence company,email-marketing,hvac,buy,contractor,phrase,matrix,,,,,,,candidate,,/email-marketing/,
email sequence services for hvac companies,email-marketing,hvac,buy,contractor,phrase,matrix,,,,,,,candidate,,/email-marketing/,
email sequence for heating and air companies,email-marketing,hvac,buy,contractor,phrase,matrix,,,,,,,candidate,,/email-marketing/,
email sequence agency for heating and air companies,email-marketing,hvac,buy,contractor,phrase,matrix,,,,,,,candidate,,/email-marketing/,
heating and air company email sequence company,email-marketing,hvac,buy,contractor,phrase,matrix,,,,,,,candidate,,/email-marketing/,
email sequence services for heating and air companies,email-marketing,hvac,buy,contractor,phrase,matrix,,,,,,,candidate,,/email-marketing/,
email sequence for roofing companies,email-marketing,roofing,buy,contractor,phrase,matrix,,,,,,,candidate,,/email-marketing/,
email sequence agency for roofing companies,email-marketing,roofing,buy,contractor,phrase,matrix,,,,,,,candidate,,/email-marketing/,
roofing company email sequence company,email-marketing,roofing,buy,contractor,phrase,matrix,,,,,,,candidate,,/email-marketing/,
email sequence services for roofing companies,email-marketing,roofing,buy,contractor,phrase,matrix,,,,,,,candidate,,/email-marketing/,
email sequence for roofers,email-marketing,roofing,buy,contractor,phrase,matrix,,,,,,,candidate,,/email-marketing/,
email sequence agency for roofers,email-marketing,roofing,buy,contractor,phrase,matrix,,,,,,,candidate,,/email-marketing/,
roofer email sequence company,email-marketing,roofing,buy,contractor,phrase,matrix,,,,,,,candidate,,/email-marketing/,
email sequence services for roofers,email-marketing,roofing,buy,contractor,phrase,matrix,,,,,,,candidate,,/email-marketing/,
email sequence for plumbers,email-marketing,plumbing,buy,contractor,phrase,matrix,,,,,,,candidate,,/email-marketing/,
email sequence agency for plumbers,email-marketing,plumbing,buy,contractor,phrase,matrix,,,,,,,candidate,,/email-marketing/,
plumber email sequence company,email-marketing,plumbing,buy,contractor,phrase,matrix,,,,,,,candidate,,/email-marketing/,
email sequence services for plumbers,email-marketing,plumbing,buy,contractor,phrase,matrix,,,,,,,candidate,,/email-marketing/,
email sequence for plumbing companies,email-marketing,plumbing,buy,contractor,phrase,matrix,,,,,,,candidate,,/email-marketing/,
email sequence agency for plumbing companies,email-marketing,plumbing,buy,contractor,phrase,matrix,,,,,,,candidate,,/email-marketing/,
plumbing company email sequence company,email-marketing,plumbing,buy,contractor,phrase,matrix,,,,,,,candidate,,/email-marketing/,
email sequence services for plumbing companies,email-marketing,plumbing,buy,contractor,phrase,matrix,,,,,,,candidate,,/email-marketing/,
email sequence for contractors,email-marketing,contractor,buy,contractor,phrase,matrix,,,,,,,candidate,,/email-marketing/,
email sequence agency for contractors,email-marketing,contractor,buy,contractor,phrase,matrix,,,,,,,candidate,,/email-marketing/,
contractor email sequence company,email-marketing,contractor,buy,contractor,phrase,matrix,,,,,,,candidate,,/email-marketing/,
email sequence services for contractors,email-marketing,contractor,buy,contractor,phrase,matrix,,,,,,,candidate,,/email-marketing/,
email sequence for home services companies,email-marketing,contractor,buy,contractor,phrase,matrix,,,,,,,candidate,,/email-marketing/,
email sequence agency for home services companies,email-marketing,contractor,buy,contractor,phrase,matrix,,,,,,,candidate,,/email-marketing/,
home services company email sequence company,email-marketing,contractor,buy,contractor,phrase,matrix,,,,,,,candidate,,/email-marketing/,
email sequence services for home services companies,email-marketing,contractor,buy,contractor,phrase,matrix,,,,,,,candidate,,/email-marketing/,
lead nurture for av companies,email-marketing,integrator,buy,contractor,phrase,matrix,,,,,,,candidate,,/email-marketing/,
lead nurture agency for av companies,email-marketing,integrator,buy,contractor,phrase,matrix,,,,,,,candidate,,/email-marketing/,
av company lead nurture company,email-marketing,integrator,buy,contractor,phrase,matrix,,,,,,,candidate,,/email-marketing/,
lead nurture services for av companies,email-marketing,integrator,buy,contractor,phrase,matrix,,,,,,,candidate,,/email-marketing/,
lead nurture for av integrators,email-marketing,integrator,buy,contractor,phrase,matrix,,,,,,,candidate,,/email-marketing/,
lead nurture agency for av integrators,email-marketing,integrator,buy,contractor,phrase,matrix,,,,,,,candidate,,/email-marketing/,
av integrator lead nurture company,email-marketing,integrator,buy,contractor,phrase,matrix,,,,,,,candidate,,/email-marketing/,
lead nurture services for av integrators,email-marketing,integrator,buy,contractor,phrase,matrix,,,,,,,candidate,,/email-marketing/,
lead nurture for home automation companies,email-marketing,integrator,buy,contractor,phrase,matrix,,,,,,,candidate,,/email-marketing/,
lead nurture agency for home automation companies,email-marketing,integrator,buy,contractor,phrase,matrix,,,,,,,candidate,,/email-marketing/,
home automation company lead nurture company,email-marketing,integrator,buy,contractor,phrase,matrix,,,,,,,candidate,,/email-marketing/,
lead nurture services for home automation companies,email-marketing,integrator,buy,contractor,phrase,matrix,,,,,,,candidate,,/email-marketing/,
lead nurture for smart home installers,email-marketing,integrator,buy,contractor,phrase,matrix,,,,,,,candidate,,/email-marketing/,
lead nurture agency for smart home installers,email-marketing,integrator,buy,contractor,phrase,matrix,,,,,,,candidate,,/email-marketing/,
smart home installer lead nurture company,email-marketing,integrator,buy,contractor,phrase,matrix,,,,,,,candidate,,/email-marketing/,
lead nurture services for smart home installers,email-marketing,integrator,buy,contractor,phrase,matrix,,,,,,,candidate,,/email-marketing/,
lead nurture for home theater companies,email-marketing,integrator,buy,contractor,phrase,matrix,,,,,,,candidate,,/email-marketing/,
lead nurture agency for home theater companies,email-marketing,integrator,buy,contractor,phrase,matrix,,,,,,,candidate,,/email-marketing/,
home theater company lead nurture company,email-marketing,integrator,buy,contractor,phrase,matrix,,,,,,,candidate,,/email-marketing/,
lead nurture services for home theater companies,email-marketing,integrator,buy,contractor,phrase,matrix,,,,,,,candidate,,/email-marketing/,
lead nurture for low voltage contractors,email-marketing,integrator,buy,contractor,phrase,matrix,,,,,,,candidate,,/email-marketing/,
lead nurture agency for low voltage contractors,email-marketing,integrator,buy,contractor,phrase,matrix,,,,,,,candidate,,/email-marketing/,
low voltage contractor lead nurture company,email-marketing,integrator,buy,contractor,phrase,matrix,,,,,,,candidate,,/email-marketing/,
lead nurture services for low voltage contractors,email-marketing,integrator,buy,contractor,phrase,matrix,,,,,,,candidate,,/email-marketing/,
lead nurture for integrators,email-marketing,integrator,buy,contractor,phrase,matrix,,,,,,,candidate,,/email-marketing/,
lead nurture agency for integrators,email-marketing,integrator,buy,contractor,phrase,matrix,,,,,,,candidate,,/email-marketing/,
integrator lead nurture company,email-marketing,integrator,buy,contractor,phrase,matrix,,,,,,,candidate,,/email-marketing/,
lead nurture services for integrators,email-marketing,integrator,buy,contractor,phrase,matrix,,,,,,,candidate,,/email-marketing/,
lead nurture for electricians,email-marketing,electrician,buy,contractor,phrase,matrix,,,,,,,candidate,,/email-marketing/,
lead nurture agency for electricians,email-marketing,electrician,buy,contractor,phrase,matrix,,,,,,,candidate,,/email-marketing/,
electrician lead nurture company,email-marketing,electrician,buy,contractor,phrase,matrix,,,,,,,candidate,,/email-marketing/,
lead nurture services for electricians,email-marketing,electrician,buy,contractor,phrase,matrix,,,,,,,candidate,,/email-marketing/,
lead nurture for electrical contractors,email-marketing,electrician,buy,contractor,phrase,matrix,,,,,,,candidate,,/email-marketing/,
lead nurture agency for electrical contractors,email-marketing,electrician,buy,contractor,phrase,matrix,,,,,,,candidate,,/email-marketing/,
electrical contractor lead nurture company,email-marketing,electrician,buy,contractor,phrase,matrix,,,,,,,candidate,,/email-marketing/,
lead nurture services for electrical contractors,email-marketing,electrician,buy,contractor,phrase,matrix,,,,,,,candidate,,/email-marketing/,
lead nurture for hvac companies,email-marketing,hvac,buy,contractor,phrase,matrix,,,,,,,candidate,,/email-marketing/,
lead nurture agency for hvac companies,email-marketing,hvac,buy,contractor,phrase,matrix,,,,,,,candidate,,/email-marketing/,
hvac company lead nurture company,email-marketing,hvac,buy,contractor,phrase,matrix,,,,,,,candidate,,/email-marketing/,
lead nurture services for hvac companies,email-marketing,hvac,buy,contractor,phrase,matrix,,,,,,,candidate,,/email-marketing/,
lead nurture for heating and air companies,email-marketing,hvac,buy,contractor,phrase,matrix,,,,,,,candidate,,/email-marketing/,
lead nurture agency for heating and air companies,email-marketing,hvac,buy,contractor,phrase,matrix,,,,,,,candidate,,/email-marketing/,
heating and air company lead nurture company,email-marketing,hvac,buy,contractor,phrase,matrix,,,,,,,candidate,,/email-marketing/,
lead nurture services for heating and air companies,email-marketing,hvac,buy,contractor,phrase,matrix,,,,,,,candidate,,/email-marketing/,
lead nurture for roofing companies,email-marketing,roofing,buy,contractor,phrase,matrix,,,,,,,candidate,,/email-marketing/,
lead nurture agency for roofing companies,email-marketing,roofing,buy,contractor,phrase,matrix,,,,,,,candidate,,/email-marketing/,
roofing company lead nurture company,email-marketing,roofing,buy,contractor,phrase,matrix,,,,,,,candidate,,/email-marketing/,
lead nurture services for roofing companies,email-marketing,roofing,buy,contractor,phrase,matrix,,,,,,,candidate,,/email-marketing/,
lead nurture for roofers,email-marketing,roofing,buy,contractor,phrase,matrix,,,,,,,candidate,,/email-marketing/,
lead nurture agency for roofers,email-marketing,roofing,buy,contractor,phrase,matrix,,,,,,,candidate,,/email-marketing/,
roofer lead nurture company,email-marketing,roofing,buy,contractor,phrase,matrix,,,,,,,candidate,,/email-marketing/,
lead nurture services for roofers,email-marketing,roofing,buy,contractor,phrase,matrix,,,,,,,candidate,,/email-marketing/,
lead nurture for plumbers,email-marketing,plumbing,buy,contractor,phrase,matrix,,,,,,,candidate,,/email-marketing/,
lead nurture agency for plumbers,email-marketing,plumbing,buy,contractor,phrase,matrix,,,,,,,candidate,,/email-marketing/,
plumber lead nurture company,email-marketing,plumbing,buy,contractor,phrase,matrix,,,,,,,candidate,,/email-marketing/,
lead nurture services for plumbers,email-marketing,plumbing,buy,contractor,phrase,matrix,,,,,,,candidate,,/email-marketing/,
lead nurture for plumbing companies,email-marketing,plumbing,buy,contractor,phrase,matrix,,,,,,,candidate,,/email-marketing/,
lead nurture agency for plumbing companies,email-marketing,plumbing,buy,contractor,phrase,matrix,,,,,,,candidate,,/email-marketing/,
plumbing company lead nurture company,email-marketing,plumbing,buy,contractor,phrase,matrix,,,,,,,candidate,,/email-marketing/,
lead nurture services for plumbing companies,email-marketing,plumbing,buy,contractor,phrase,matrix,,,,,,,candidate,,/email-marketing/,
lead nurture agency for contractors,email-marketing,contractor,buy,contractor,phrase,matrix,,,,,,,candidate,,/email-marketing/,
contractor lead nurture company,email-marketing,contractor,buy,contractor,phrase,matrix,,,,,,,candidate,,/email-marketing/,
lead nurture services for contractors,email-marketing,contractor,buy,contractor,phrase,matrix,,,,,,,candidate,,/email-marketing/,
lead nurture for home services companies,email-marketing,contractor,buy,contractor,phrase,matrix,,,,,,,candidate,,/email-marketing/,
lead nurture agency for home services companies,email-marketing,contractor,buy,contractor,phrase,matrix,,,,,,,candidate,,/email-marketing/,
home services company lead nurture company,email-marketing,contractor,buy,contractor,phrase,matrix,,,,,,,candidate,,/email-marketing/,
lead nurture services for home services companies,email-marketing,contractor,buy,contractor,phrase,matrix,,,,,,,candidate,,/email-marketing/,
contractor email marketing services,email-marketing,contractor,buy,contractor,exact,competitor,,,,,,,candidate,,/email-marketing/,Blue Corona title; https://www.bluecorona.com/digital-marketing/email-marketing/contractors/
contractor email marketing agency,email-marketing,contractor,buy,contractor,exact,competitor,,,,,,,candidate,,/email-marketing/,Logical Position h2 'Why You Need a Contractor Email Marketing Agency';https://www.logicalposition.com/industry/contractors/email
email marketing company for contractors,email-marketing,contractor,buy,contractor,exact,competitor,,,,,,,candidate,,/email-marketing/,Blue Corona title 'Top Email Marketing Company'; https://www.bluecorona.com/email-marketing/
email marketing for home services,email-marketing,contractor,buy,contractor,phrase,serp,,,,,,,candidate,,/email-marketing/,Comrade and No Bullshit Marketing phrasing; https://nobullshitmarketing.com/email-marketing-home-services
email marketing for home service contractors,email-marketing,contractor,buy,contractor,exact,competitor,,,,,,,candidate,,/email-marketing/,LeadsNearby title; https://www.leadsnearby.com/services/email-marketing/
home service contractor email marketing,email-marketing,contractor,buy,contractor,phrase,competitor,,,,,,,candidate,,/email-marketing/,ServiceHawk h1; https://servicehawk.io/email-and-sms-marketing
email marketing for home service businesses,email-marketing,contractor,buy,contractor,phrase,competitor,,,,,,,candidate,,/email-marketing/,Superpath title; https://superpath.com/services/email-marketing/
email and sms marketing for home service contractors,email-marketing,contractor,buy,contractor,phrase,competitor,,,,,,,parked,,/email-marketing/,ServiceHawk title; SMS is not in the offer; https://servicehawk.io/email-and-sms-marketing
email marketing for the trades,email-marketing,contractor,buy,contractor,phrase,competitor,,,,,,,parked,,/email-marketing/,RYNO h2; trades also pulls job seekers; https://rynoss.com/services/email-marketing/
hvac email marketing,email-marketing,hvac,buy,contractor,phrase,competitor,,,,,,,candidate,,/email-marketing/,Blue Corona h1; SERP is mostly software-vendor guides; https://www.bluecorona.com/digital-marketing/email-marketing/hvac/
hvac email marketing services,email-marketing,hvac,buy,contractor,exact,competitor,,,,,,,candidate,,/email-marketing/,1SEO h1; https://1seo.com/email-marketing/hvac-email-marketing/
email marketing agency for hvac,email-marketing,hvac,buy,contractor,exact,competitor,,,,,,,candidate,,/email-marketing/,1SEO title names the agency; https://1seo.com/email-marketing/hvac-email-marketing/
email campaigns for hvac companies,email-marketing,hvac,buy,contractor,phrase,competitor,,,,,,,candidate,,/email-marketing/,Blue Corona HVAC title; https://www.bluecorona.com/digital-marketing/email-marketing/hvac/
hvac lead nurturing,email-marketing,hvac,buy,contractor,phrase,serp,,,,,,,candidate,,/email-marketing/,RRM blog phrasing; https://www.rrmathome.com/blogs/effective-email-drip-campaign-tips-for-hvac-lead-nurturing/
reactivation campaign hvac,email-marketing,hvac,buy,contractor,phrase,serp,,,,,,,candidate,,/email-marketing/,6thman and autorev phrasing; https://6thman-marketing.com/blog/email-sms-marketing-home-service/
email past customers hvac,email-marketing,hvac,buy,contractor,phrase,competitor,,,,,,,parked,,/email-marketing/,RS Gonzales title 'Rebooks Past Customers'; likely low volume; https://rsgonzales.com/hvac-email-marketing/
electrician email marketing services,email-marketing,electrician,buy,contractor,exact,competitor,,,,,,,candidate,,/email-marketing/,RSM title; https://rsmconnect.com/construction-marketing/electricians/email-marketing/
electrician email marketing,email-marketing,electrician,buy,contractor,phrase,competitor,,,,,,,candidate,,/email-marketing/,RSM h1 and ServiceTitan blog title; https://www.servicetitan.com/blog/electrician-email-marketing
best email marketing tools for electricians,email-marketing,electrician,compare,contractor,negative,serp,,,,,,,negative,,/email-marketing/,Sequenzy '19 Best Tools' software list; https://www.sequenzy.com/email-marketing-for/electricians
av integrator email marketing,email-marketing,integrator,buy,contractor,phrase,competitor,,,,,,,candidate,,/email-marketing/,Service Builds HQ h1 phrasing; https://www.servicebuildshq.com/solutions/email-marketing-for-av-integrators
roofing email marketing,email-marketing,roofing,buy,contractor,phrase,competitor,,,,,,,candidate,,/email-marketing/,On Purpose Media title; Hook blog on this term is learn; https://onpurposemedia.com/roofing/roofing-email-marketing/
roofing email marketing services,email-marketing,roofing,buy,contractor,exact,competitor,,,,,,,candidate,,/email-marketing/,On Purpose Media and RSM pages; https://rsmconnect.com/construction-marketing/roofing/email-marketing/
plumber email marketing services,email-marketing,plumbing,buy,contractor,exact,competitor,,,,,,,candidate,,/email-marketing/,Blue Corona title; https://www.bluecorona.com/digital-marketing/email-marketing/plumbing/
plumbing email marketing,email-marketing,plumbing,buy,contractor,phrase,serp,,,,,,,candidate,,/email-marketing/,Scorpion and ServiceTitan guides plus On Purpose Media; https://onpurposemedia.com/plumbing/plumbing-email-marketing/
lead nurturing for contractors,email-marketing,contractor,buy,contractor,phrase,serp,,,,,,,candidate,,/email-marketing/,Company 119 title phrasing; https://www.company119.com/contractor-lead-nurturing/
contractor lead nurturing,email-marketing,contractor,buy,contractor,phrase,competitor,,,,,,,candidate,,/email-marketing/,Contractor Marketing Pros title; https://contractormarketingpros.net/services/lead-nurturing/
lead nurturing service for contractors,email-marketing,contractor,buy,contractor,exact,competitor,,,,,,,candidate,,/email-marketing/,Contractor Marketing Pros 'Lead Nurturing System'; https://contractormarketingpros.net/services/lead-nurturing/
customer reactivation campaign for contractors,email-marketing,contractor,buy,contractor,phrase,serp,,,,,,,candidate,,/email-marketing/,Changescape and TradeWorks phrasing; https://changescapeweb.com/unlock-growth-with-customer-reactivation-campaigns-for-contractors/
database reactivation for contractors,email-marketing,contractor,buy,contractor,phrase,competitor,,,,,,,candidate,,/email-marketing/,Relentless Digital title; https://www.relentless-digital.com/faq/database-reactivation-faqs
database reactivation home services,email-marketing,contractor,buy,contractor,phrase,serp,,,,,,,parked,,/email-marketing/,DBR is GoHighLevel reseller jargon; may pull agencies not contractors; https://www.relentless-digital.com/faq/database-reactivation-faqs
win back email campaign contractor,email-marketing,contractor,buy,contractor,phrase,competitor,,,,,,,candidate,,/email-marketing/,Blue Corona lists win-back campaigns; aiemaily title; https://www.bluecorona.com/digital-marketing/email-marketing/contractors/
reactivate past customers contractor,email-marketing,contractor,buy,contractor,phrase,competitor,,,,,,,candidate,,/email-marketing/,FatCat h1 'Turn Past Customers Into Your Next Projects'; https://fatcatstrategies.com/marketing-packages/reactivate/
automated quote follow up for contractors,email-marketing,contractor,compare,contractor,phrase,serp,,,,,,,parked,,/email-marketing/,Jobber pitches its own automation on this term; https://www.getjobber.com/academy/quote-follow-up-email-templates/
follow up campaigns for quotes and leads,email-marketing,contractor,buy,contractor,phrase,competitor,,,,,,,candidate,,/email-marketing/,ServiceHawk campaign-type wording; https://servicehawk.io/email-and-sms-marketing
estimate follow up system for contractors,email-marketing,contractor,buy,contractor,phrase,forum,,,,,,,parked,,/email-marketing/,r/Contractor owner asks how to follow up without being pushy; https://www.reddit.com/r/Contractor/comments/1biuymt/free_estimates/
quote follow up email template,email-marketing,contractor,learn,learner,negative,serp,,,,,,,negative,,/email-marketing/,Jobber and Housecall Pro template pages; https://www.housecallpro.com/resources/how-to-follow-up-on-quote/
how to follow up on a quote,email-marketing,contractor,learn,learner,negative,paa,,,,,,,negative,,/email-marketing/,Housecall Pro h1; FAQ block used as PAA stand-in; https://www.housecallpro.com/resources/how-to-follow-up-on-quote/
how to follow up on a quote without being pushy,email-marketing,contractor,learn,learner,negative,paa,,,,,,,negative,,/email-marketing/,Jobber FAQ and Housecall Pro h2; https://www.getjobber.com/academy/quote-follow-up-email-templates/
does email marketing work for contractors,email-marketing,contractor,learn,learner,negative,paa,,,,,,,negative,,/email-marketing/,Booking Flow FAQ; content candidate for the SEO page; https://thebookingflow.com/blog/home-services-marketing/email-marketing-for-contractors/
how often should contractors send marketing emails,email-marketing,contractor,learn,learner,negative,paa,,,,,,,negative,,/email-marketing/,Booking Flow and Superpath FAQs; https://superpath.com/services/email-marketing/
do i need a customer email list for email marketing,email-marketing,contractor,learn,learner,negative,paa,,,,,,,negative,,/email-marketing/,RYNO FAQ; https://rynoss.com/services/email-marketing/
can you reactivate leads from old estimates that never closed,email-marketing,contractor,compare,contractor,phrase,paa,,,,,,,parked,,/email-marketing/,Relentless FAQ; the exact pain in the buyer's words; use in copy; https://www.relentless-digital.com/faq/database-reactivation-faqs
email marketing software for contractors,email-marketing,contractor,compare,contractor,negative,serp,,,,,,,negative,,/email-marketing/,Cakemail and Sequenzy rank; add software as a campaign negative; https://www.cakemail.com/solutions/email-marketing-for-contractors
best email marketing tools for hvac companies,email-marketing,hvac,compare,contractor,negative,serp,,,,,,,negative,,/email-marketing/,HubSpot tools list; https://blog.hubspot.com/marketing/best-email-marketing-tools-for-hvac-companies
jobber email campaigns,email-marketing,contractor,compare,contractor,negative,serp,,,,,,,negative,,/email-marketing/,Jobber feature page; brand negative; https://www.getjobber.com/features/marketing-tools/campaigns/
servicetitan email marketing,email-marketing,hvac,compare,contractor,negative,serp,,,,,,,negative,,/email-marketing/,ServiceTitan blogs rank on every trade email term; brand negative; https://www.servicetitan.com/blog/hvac-email-marketing
mailchimp for contractors,email-marketing,contractor,compare,contractor,negative,serp,,,,,,,negative,,/email-marketing/,Mailchimp glossary ranks for the drip seed; brand negative; https://mailchimp.com/marketing-glossary/drip-campaign/
constant contact roofing,email-marketing,roofing,compare,contractor,negative,serp,,,,,,,negative,,/email-marketing/,Constant Contact blog ranks first for roofing; brand negative; https://www.constantcontact.com/blog/roofing-marketing/
contractor email newsletters,email-marketing,contractor,compare,contractor,phrase,serp,,,,,,,parked,,/email-marketing/,ServiceTitan title; newsletter is One Firefly's product not ours; https://www.servicetitan.com/blog/contractor-email-newsletters
email marketing for construction companies,email-marketing,contractor,buy,contractor,phrase,serp,,,,,,,parked,,/email-marketing/,Commercial GC intent (Twilio Findable Jointly); https://www.findabledigitalmarketing.com/blog/construction-email-marketing/
email marketing contractor,email-marketing,contractor,buy,jobseeker,negative,serp,,,,,,,negative,,/email-marketing/,Flips to freelancer jobs (Indeed lists 600); labor trap; https://www.indeed.com/q-email-marketing-contractor-jobs.html
email marketing services,email-marketing,contractor,buy,contractor,negative,competitor,,,,,,,negative,,/email-marketing/,Head term; Blue Corona h1; national agencies; https://www.bluecorona.com/email-marketing/
top email marketing company,email-marketing,contractor,buy,contractor,negative,competitor,,,,,,,negative,,/email-marketing/,Blue Corona title; head term; https://www.bluecorona.com/email-marketing/
estimates going cold,email-marketing,roofing,learn,contractor,negative,forum,,,,,,,negative,,/email-marketing/,r/RoofingSales 'estimates going cold after they're sent'; copy line not keyword; https://www.reddit.com/r/RoofingSales/comments/1s6nbvw/starting_my_own_roofing_company/
homeowner ghosts after estimate,email-marketing,roofing,learn,contractor,negative,forum,,,,,,,negative,,/email-marketing/,r/Roofing thread title; copy line not keyword; https://www.reddit.com/r/Roofing/comments/1s5k933/what_do_you_guys_do_after_you_send_an_estimate/
client goes silent after a quote,email-marketing,contractor,learn,contractor,negative,forum,,,,,,,negative,,/email-marketing/,r/smallbusiness thread title; copy line not keyword; https://www.reddit.com/r/smallbusiness/comments/1rtg3s3/what_do_you_usually_do_when_a_client_goes_silent/
