email,email,phone,phone,fn,ln,ct,st,zip,country
michael@mozaicav.com,craig@mozaicav.com,12563254903,,michael,johnson,madison,al,35758,us
customer@nextavsolutions.com,,12057793484,15551234567,daniel,bearden,birmingham,al,35210,us
info@cinematichomeav.com,,16027558665,16027964127,john,akers,phoenix,az,85028,us
info@azeliteintegration.com,,16235871950,,paul,gunn,phoenix,az,85027,us
rick@epicavaz.com,jason@epicavaz.com,14808885571,14804525603,rick,larsen,tempe,az,85281,us
admin@azevolve.com,,16027539555,,badr,morsadi,phoenix,az,85021,us
customercare@integracustomsystems.com,,15205462982,18773344734,greg,sellers,tucson,az,85710,us
joey@rmintegration.com,,16023216512,,joey,noland,phoenix,az,85085,us
info@stabley.net,,14803255015,14809160566,jamie,stabley,mesa,az,85206,us
info@audiovisualarchitects.com,,12138669030,15127669473,jon,edwards,beverlyhills,ca,90211,us
sales@bbone.tech,support@bbone.tech,13109952721,,arturs,grablevskis,losangeles,ca,90068,us
contact@calcoastav.com,,17604520773,,jason,bash,carlsbad,ca,92008,us
info@digital-connections.net,,17072558568,,brian,bonaccorso,napa,ca,94558,us
larry@evergreenhomesystems.com,,14086919386,14086919389,larry,kaiser,mountainview,ca,94040,us
sales@experienceaudiovideo.com,,17147444455,,brian,chappell,orange,ca,92867,us
pete@firstcallpd.com,,17603328900,,pete,chryss,palmdesert,ca,92260,us
galaxyhometheatres@yahoo.com,,18183953342,,michael,abounassar,glendale,ca,91205,us
info@gizmo-la.com,,13104749774,14155041150,greg,shukov,losangeles,ca,90025,us
chip@hatchelectric.com,office@hatchelectric.com,15305413035,15305418132,leonard,hatch,southlaketahoe,ca,96150,us
info@coronadohometheater.com,,16195951757,16195961287,dane,crosby,coronado,ca,92178,us
info@homihomeautomation.com,,18182455201,,paula,perez,losangeles,ca,91423,us
info@immexperiences.com,,16503217833,,john,savage,paloalto,ca,94301,us
directv@myinnovationtech.com,sales@myinnovationtech.com,18585003691,18887895845,senior,president,sandiego,ca,92108,us
info@leoselectricautomation.com,,15302146046,,leo,jimenez,tahoecity,ca,96145,us
hello@miadesigngroup.com,,13106007315,,gaby,lopez,pasadena,ca,91104,us
nery@nitidoav.com,info@nitidoav.com,13108942046,14242793164,nery,barrios,inglewood,ca,90304,us
info@procircuitav.com,,17607711010,,ryan,hamilton,laquinta,ca,92253,us
ron@smarttechprotect.com,frank@smarttechprotect.com,17606105984,,ron,galippo,palmdesert,ca,92211,us
hello@solvsd.com,,18582277658,,zach,blickstein,ranchosantafe,ca,92067,us
alan@spectrumavmarin.com,,14155694380,,alan,hutchings,millvalley,ca,94941,us
support@synergy.tv,info@synergy.tv,17145052003,,steve,gorton,tustin,ca,92780,us
help@technicalcomfort.com,,19492128117,,shana,jf,lagunaniguel,ca,92677,us
info@wyredreams.com,,16263008887,18886899973,david,malik,laverne,ca,91750,us
sales@zettacomm.com,,16505239330,,shawnon,parkinson,sancarlos,ca,94070,us
contact@avcrafters.com,,13038187007,,dana,solomon,boulder,co,80301,us
support@teamc9.com,,19707612352,,thomas,mckenzie,steamboatsprings,co,80487,us
info@conundrumtechnologies.com,,19706885261,13033081400,mike,pessina,aspen,co,81611,us
info@digitalmediainnovations.com,,13038731100,,insurance,providers,centennial,co,80112,us
barry@jenningsav.com,,13035788199,,leo,slattery,arvada,co,80002,us
peter@prospectrumsystems.com,info@prospectrumsystems.com,19703899713,19704061073,peter,vaartjes,silverthorne,co,80498,us
support@soundmediaonline.com,,13035643440,,steve,strother,thornton,co,80602,us
sales@soundingshifi.com,,13037595505,13037594273,rod,tomson,greenwoodvillage,co,80112,us
bob@bentleysystems.us,,18606578558,18606525461,arthur,bentley,glastonbury,ct,06073,us
sales@control-digital.net,,18334234448,,vincent,fama,greenwich,ct,06830,us
info@homemediadesigns.com,,12034313344,,david,woodward,ridgefield,ct,06877,us
ira@idesigntheaters.com,,12032592423,,ira,fagan,fairfield,ct,06824,us
2sales@sightandsoundsystems.com,,17038026443,,kris,kaymanesh,dulles,dc,20166,us
support@bocatech.com,,15619999024,,jeff,galea,bocaraton,fl,33434,us
%20support@coastalprotect.com,trae@coastalprotect.com,18506221667,18502030778,trae,carney,santarosabeach,fl,32459,us
krystal@counterstrikess.com,lindsay@counterstrikess.com,12397720155,12392474871,amy,ali,capecoral,fl,33991,us
nael@crowneaudio.com,,14073334621,,nael,yacoub,lakemary,fl,32746,us
hagan@daisyco.com,dion@daisyco.com,19546503074,,awele,nwaeze,pompanobeach,fl,33069,us
sales@egretelectronics.com,,15617456186,15617457794,ron,luks,jupiter,fl,33458,us
ales@epicaudiovideo.com,sales@epicaudiovideo.com,12396433050,,mike,novak,naples,fl,34103,us
sales@evo-av.com,,14077345001,,steve,juan,orlando,fl,32811,us
sales@floridahometheaters.com,,14073515798,,jack,chevrier,orlando,fl,32809,us
fultech@fultechsolutions.com,,19049926624,,dan,fulmer,jacksonville,fl,32256,us
ops@hoppenhomesystems.com,,18133134531,,ernie,lashlee,tampa,fl,33619,us
%20info@innerlinkss.com,info@innerlinkss.com,12397728835,,daniel,kennedy,capecoral,fl,33991,us
maria.caparroso@livingontechnology.com,sales@livingontechnology.com,17868287981,17868592793,luis,lafaurie,miami,fl,33138,us
doug@musicandcinema.com,roger@musicandcinema.com,17274085111,18134588209,doug,sharp,palmharbor,fl,34684,us
support@naplestop.tech,,12393000652,,david,droganici,naples,fl,34103,us
jesse@nextlevelavs.com,jesee@nextlevelavs.com,18503738901,,jesse,gavin,chipley,fl,32428,us
info@simplyonpoint.com,,15617788000,,jarred,isgette,delraybeach,fl,33444,us
simple@pbavsmarthomes.com,,15615685191,,ezra,norman,westpalmbeach,fl,33411,us
sales@premiumaudiovideo.com,,18003900950,,leonard,stephens,fortlauderdale,fl,33301,us
info@pureaudiovideo.com,,19545814434,,gustavo,serafini,fortlauderdale,fl,33312,us
salesandservice@qualityalarmsystems.com,,18554339600,18504339600,scott,struthers,pensacola,fl,32506,us
info@smarthomestudio.co,,15619215877,17868823755,juan,santos,miami,fl,33145,us
info@srqsmart.com,,19413624508,19415414508,bob,friedman,sarasota,fl,34234,us
info@smarthouseintegration.com,,19414044470,,jess,human,sarasota,fl,34236,us
sales@ultimatesv.com,,13055011000,15616720400,paolo,ramirez,doral,fl,33178,us
info@myavx.com,,18558569289,,robert,lewis,cumming,ga,30040,us
info@avsolutionsatlanta.com,,16786481603,,paul,tordik,cumming,ga,30041,us
experience@goavigroup.com,,17705251987,17707466613,shawn,roberts,atlanta,ga,30326,us
info@aaronshometech.com,,17704613477,17702207284,charles,vail,greensboro,ga,30642,us
brian@advancedinstallation.com,,17322459900,,scott,mays,alpharetta,ga,30004,us
concierge@atlantahometheater.com,%20concierge@atlantahometheater.com,17706425557,,david,martinez,roswell,ga,30075,us
%20info@callawaysecurity.com,info@callawaysecurity.com,17703959692,,robert,simpson,alpharetta,ga,30004,us
info@inexsystemsdesigns.com,,14049666979,,bruce,solis,atlanta,ga,30313,us
info@linkyourhouse.com,,17702090086,18666565465,nick,mcculloch,suwanee,ga,30024,us
sales@phoenixsystems.tv,,16785662640,18436285077,chian,nicholson,alpharetta,ga,30005,us
drbeats@aol.com,,19128567433,,larry,pawlowski,savannah,ga,31406,us
info@iessunvalley.com,,12087888115,12087888116,champ,church,hailey,id,83333,us
info@boisesmarthomes.com,,12087818301,14432759890,chad,shapiro,gardencity,id,83714,us
support@mediacontrolled.com,,12082152900,12087952050,mark,ackerman,hayden,id,83835,us
info@boiseaudiodoctor.com,,12083913930,,david,martin,meridian,id,83642,us
info@brightaam.com,,12247259474,,nicholas,thomas,palatine,il,60074,us
info@chicagoav.net,,18009244628,,john,bransky,wauconda,il,60084,us
liaison@liaisontechgroup.com,,12175200758,18882791235,steve,weber,decatur,il,62523,us
sales@myguysknowhow.com,,18157149489,,bryan,talkie,naperville,il,60564,us
help@pistonhome.com,,13312380279,,sameer,kelkar,chicago,il,60661,us
info@premieresystems.com,,13122740220,12395300220,ken,johnson,chicago,il,60618,us
kris@remote-av.com,slav@remote-av.com,18152541660,18152541666,kris,gutrich,plainfield,il,60585,us
leor@soundspecialists.com,info@soundspecialists.com,17732781650,,scott,himmel,chicago,il,60642,us
derek@dssindy.com,ray@dssindy.com,13178480101,,caryn,osullivan,fishers,in,46038,us
hawkeye@hawkeyesecurity.us,,18122843200,15022767874,matt,drexler,jeff,in,47130,us
service@intelligentlivingindy.com,,18883900502,13179420502,dan,killinger,zionsville,in,46077,us
sales@prosecurityandautomation.com,,13179001021,,ryan,geltz,indianapolis,in,46250,us
sales@redfli.com,service@redfli.com,12602226000,18778073335,nick,berry,fortwayne,in,46815,us
jrushing@triphase-tech.com,service@triphase-tech.com,13178450236,13176698429,eli,lilly,zionsville,in,46077,us
info@modernpac.com,,19134898484,,brian,lunbeck,lenexa,ks,66215,us
info@barneymillers.com,support@barneymillers.com,18592522216,18593092195,grandpa,barney,lexington,ky,40507,us
brock@tdohe.com,,18593351644,,brock,bailey,lexington,ky,40503,us
cody@connectedsolutionsla.com,,13374122703,,cody,taylor,youngsville,la,70592,us
projects@dynamicaudiovideo.com,accounting@dynamicaudiovideo.com,15042368742,15043043434,jamie,gannon,neworleans,la,70123,us
info@impactavbr.com,,12254126635,12252761141,derek,gilliam,batonrouge,la,70816,us
frank@ablecontrol.com,john@ablecontrol.com,17818822253,17813840113,frank,odell,needham,ma,02494,us
jeames@comcast.net,,15083647648,,jonathan,eames,barnstable,ma,02630,us
info@aztecsound.com,,16177598832,16177598823,rob,pride,wilmington,ma,01887,us
chris@cmcsystems.net,,16173224485,,chris,chaloff,needham,ma,02492,us
hello@heritagesmart.com,,15085706746,,rob,garvey,norfolk,ma,02056,us
solutions@jobesystems.com,,18779063560,,jason,jobe,nantucket,ma,02554,us
hello@levelupyourhome.com,,18009792791,14078508758,jennifer,mallett,northborough,ma,01532,us
info@mulhollandaudiovideo.com,,15083366464,,frank,mattos,seekonk,ma,02771,us
aiello@runsol.com,dthompson@runsol.com,17819255334,,gianluca,aiello,hanover,ma,02339,us
support@simplehome.net,,16179654600,17818908700,brad,smith,westwood,ma,02090,us
smart@tsp.space,,16172673030,15010640391,michael,oh,boston,ma,02118,us
connect@district-av.com,,12404659636,,chirag,patel,bethesda,md,20814,us
info@uesav.com,,13012198561,13018828948,chris,hubbard,fortwashington,md,20744,us
rthurston@atlanticav.com,ngthurston@atlanticav.com,12073731147,12072068880,ryan,thurston,brunswick,me,04011,us
info@tuckerandtucker.com,,12078850059,,stephen,tucker,scarborough,me,04074,us
info@avigroup.biz,,16169421000,,phil,littell,grandrapids,mi,49525,us
drockwell@grandhome.com,bsimcox@grandhome.com,16168962010,16168962003,dean,rockwell,hudsonville,mi,49426,us
info@istmi.com,,18887747627,18052422450,pete,buzby,jackson,mi,49202,us
office@thesoundvision.com,,12488048011,,jonathon,anderson,franklin,mi,48025,us
jason@beckscustomav.com,info@beckscustomav.com,16624016864,,jason,beck,tupelo,ms,38804,us
info@mssmarthomes.com,,16017491843,,jake,manning,ridgeland,ms,39157,us
av@heavenspeakmt.com,,14062989224,,lehi,steward,kalispell,mt,59901,us
info@realaudioconcepts.com,,14062089890,14432759890,chad,shapiro,shepherd,mt,59079,us
support@savinc.net,,14065865593,14065998823,cory,reistad,bozeman,mt,59715,us
info@soundseasy.us,,14062618871,,tim,koenig,kalispell,mt,59901,us
support@audioadvice.com,,19198812005,18888998776,leon,shaw,raleigh,nc,27617,us
manager@clarityssd.com,info@clarityssd.com,17043021041,,mathew,winder,charlotte,nc,28205,us
contactus@connextec.com,,17045649581,,luis,cardona,charlotte,nc,28273,us
info@foothillsalarm.com,,18283513902,,fred,nixon,millspring,nc,28756,us
sales@harmonyinteriors.com,support@harmonyinteriors.com,18282509800,,tommy,calloway,asheville,nc,28805,us
designs@integratedarchitech.com,,18645803636,18285562040,john,youmans,cashiers,nc,28717,us
info@optimaltek.net,,18284352815,,pete,meyer,fletcher,nc,28732,us
sales@wiredsouth.com,,13362522540,,lee,hancock,raleigh,nc,27603,us
sales@sellhorst.com,,14025049527,18442163973,rich,sellhorst,omaha,ne,68022,us
support@iaudiosolutions.com,info@iaudiosolutions.com,16035539822,,london,loukx,newmarket,nh,03857,us
david@audiovideosynergy.com,,19088945222,,david,shulz,clinton,nj,08809,us
info@bermanhomesystems.com,,19732398870,,rob,berman,verona,nj,07044,us
tom@bravoav.com,admin@bravoav.com,19089530555,,tom,curnin,bernardsville,nj,07924,us
info@customavnj.com,support@customavnj.com,18563434700,,justin,kaplan,mullicahill,nj,08062,us
gabriel@jdavdesign.com,service@jdavdesign.com,12014617475,12014618063,gabriel,karlis,fortlee,nj,07024,us
ryan@onesoundchoice.com,info@onesoundchoice.com,19739455275,19733160678,ryan,herd,pequannocktownship,nj,07444,us
info@pac-nj.com,,19734671950,,ralph,tarnofsky,millburn,nj,07041,us
sale@shoresmarthome.pro,info@shoresmarthome.pro,16096451300,,neil,wiessler,northfield,nj,08225,us
sales@smartavinstall.com,,19738129584,19732225656,nick,dev,morristown,nj,07960,us
info@ynvision.design,,19732325281,19735441122,seweryn,rys,millburn,nj,07041,us
contact@arcticelectricians.com,,17755889232,,chuck,corby,stateline,nv,89449,us
contact@elevatedhomesystems.com,,17754950248,,chris,mozzone,stateline,nv,89449,us
info@prosourceav.com,,17755250713,,jason,garlington,sparks,nv,89431,us
sales@wilkcomm.net,,17752100600,15555555555,symeon,wilkins,reno,nv,89511,us
daniel@3dsoundandsecurity.com,,16315241188,,daniel,croce,westislip,ny,11795,us
john@advancedalarm.net,eric@advancedalarm.net,17166934597,17168853888,john,sperrazza,tonawanda,ny,14150,us
bryan@audioobsessions.com,dan@audioobsessions.com,15184440470,15187086040,adam,smith,albany,ny,12205,us
info@enhanced-home.com,,19145604100,,alpesh,patel,portchester,ny,10573,us
sales@hteny.com,,16317713199,19173970624,alex,karoussos,southampton,ny,11968,us
mark@hometheateradvisors.com,info@hometheateradvisors.com,16464501060,,mark,feinberg,newyork,ny,10128,us
info@innovativetechnologiesny.com,,16316532055,12000278934,david,girgenti,eastquogue,ny,11942,us
requests@nyctvmounted.com,,13478749843,,michael,kane,newyork,ny,10036,us
info@osbee.com,,19147776611,15613637130,dave,raines,harrison,ny,10528,us
info@resolutionavnyc.com,,17187888362,,adam,wexler,brooklyn,ny,11205,us
info@shorelineconnected.com,,16312684553,,dylan,huber,westhamptonbeach,ny,11978,us
consultation@simplesmart.tech,,18455583558,,john,nuzzolo,piermont,ny,10968,us
info@smarterhomesolutionsny.com,,16315843536,19088945222,art,dirla,brentwood,ny,11717,us
designteam@ultisound.com,,17187292111,12000283050,jack,borenstein,woodside,ny,11377,us
addressemailadmin@ipstechnow.com,admin@ipstechnow.com,16144681680,16143988436,dominic,sisi,columbus,oh,43229,us
info@mediaobsessions.com,,13302944646,,jamie,schmid,cuyahogafalls,oh,44221,us
mike@soundadviceofcinti.com,glang@soundadviceofcinti.com,15139431234,15135201613,greg,lang,amelia,oh,45102,us
tgalvin@uniquehomesystems.com,ngalvin@uniquehomesystems.com,15137910905,15132608391,tim,galvin,cincinnati,oh,45236,us
jamesh@communicateone.net,tylert@communicateone.net,14056981850,14059902652,bob,mills,oklahomacity,ok,73114,us
info@ecsliving.com,,19182360273,,jason,evans,sandsprings,ok,74063,us
sales@hssbend.com,info@hssbend.com,15416107915,,austin,arruda,bend,or,97701,us
info@myriadhes.com,,15037228180,,grove,hunt,westlinn,or,97068,us
info@mysecuracore.com,,15412418114,,matt,schaberg,bend,or,97701,us
sales@artisticvs.com,,16102820632,,brian,dierolf,coopersburg,pa,18036,us
sales@goosebumpshome.com,,17249413326,14129523511,randy,evans,canonsburg,pa,15317,us
info@northernaudio.com,,14129315850,14129397069,mark,mawhinney,pittsburgh,pa,15237,us
don@omniisinc.com,jeff@omniisinc.com,17177302666,17177302670,don,powell,lemoyne,pa,17043,us
design@pghcustomht.com,,14123621273,,greg,calvimontes,pittsburgh,pa,15201,us
info@empireav.net,,18649791691,18643203576,chris,conwell,greer,sc,29651,us
james@progressiveintegrations.com,sales@progressiveintegrations.com,18435592958,,mike,riley,johnsisland,sc,29455,us
erik@wiremonkeys.com,,18435531622,,erik,riggs,mtpleasant,sc,29464,us
info@athomeavtech.com,,18655841800,18655234470,mark,midyett,knoxville,tn,37919,us
info@audilux.co,,16159551531,,jon,king,nashville,tn,37209,us
paula@eememphis.net,tim@eememphis.net,19013866557,19013866569,tim,bell,memphis,tn,38133,us
jody@imsi.us,,16152282736,,jody,noes,nashville,tn,37222,us
gtillett@safensound.com,jama@safensound.com,18659330358,,geoff,tillett,corryton,tn,37721,us
contact@getapexsmart.com,,12103010032,,jason,mckinzie,sanantonio,tx,78229,us
sales@avsecuritys.com,,12817604932,,led,you,sugarland,tx,77478,us
info@ellistonsystems.com,,12146349525,12146349526,steve,elliston,dallas,tx,75207,us
info@eyeonis.com,,17134608662,,sam,ibrahim,houston,tx,77040,us
bill.wagner@genesishts.com,,19452153910,19453378844,ebrahim,jabbari,lewisville,tx,75056,us
clientservices@haasht.com,info@haasht.com,15128313667,15122704857,miguel,rivera,austin,tx,78702,us
info@thehomeva.com,,15122532283,,david,diaz,austin,tx,78757,us
contact@igshomeworks.com,,12814659101,,jon,kotwicki,magnolia,tx,77354,us
bruceasolis@koremmsolutions.com,,12142026551,,bruce,solis,dallas,tx,75243,us
contact@onelighthouse.com,,18326056924,,brian,kraft,montgomery,tx,77316,us
solutions@modmediasystems.com,info@modmediasystems.com,18323445284,,luis,gutierrez,houston,tx,77024,us
info@metroplexsmarthomes.com,,13607464210,,christopher,ward,dallas,tx,75247,us
info@modernmediaav.com,,12148018431,,todd,forgan,southlake,tx,76092,us
marshall@newgenerationhomepro.com,supportteam@newgenerationhomepro.com,19362052735,17135019985,marshall,briggs,conroe,tx,77304,us
info@omniav.com,,12143469126,12143469172,jeff,morrison,rockwall,tx,75032,us
support@smarthauz.me,,15127146979,,sunny,sneckner,austin,tx,78701,us
support@smarterhomesaustin.com,,15127756101,,peter,sandford,westlakehills,tx,78746,us
info@techlifeav.com,,14693528999,,jason,maguire,southlake,tx,76092,us
info@tsgsan.com,,12106924821,18667464874,armando,jr,sanantonio,tx,78232,us
info@iconicinc.com,,17139330606,17136705733,jonathan,lynch,houston,tx,77007,us
office@aisav.com,,14357547066,,blaine,christensen,tremonton,ut,84337,us
info@customsoundco.com,,18014867090,18018917090,joseph,bod,southsaltlake,ut,84115,us
info@aegistechnologies.com,,18006616768,,michael,dowling,ashburn,va,20147,us
ninfo@inaray.com,todd@inaray.com,18043683797,,todd,peace,richmond,va,23230,us
info@moseleyelectronics.com,,18043791348,,sara,moseley,midlothian,va,23113,us
info@purecustomav.com,,17574272020,14432759890,joe,torres,virginiabeach,va,23453,us
info@securityplusav.com,,18045544006,18042647164,paul,crouch,henrico,va,23233,us
info@thebasementlab.com,,15716833494,12705196056,juan,cantero,mclean,va,22101,us
info@avsmartsolutions.com,,14256555052,14256555060,david,stafford,everett,wa,98204,us
mike@asinw.com,heather@asinw.com,12537705570,12532260655,mike,lindbo,puyallup,wa,98372,us
mike@audioplusllc.com,alan@audioplusllc.com,14254531415,14254518032,mike,humphres,bellevue,wa,98005,us
sales@cedi.tv,,14252493004,14257729021,roland,munroe,mukilteo,wa,98275,us
jfrank@premiersightandsound.com,,15098793369,,jeff,frank,libertylake,wa,99019,us
sales@rivastechgroup.com,,14259546003,,ivan,rivas,kent,wa,98032,us
info@av-as.com,,15209993233,,david,knittle,tucson,az,85714,us
phoenix@beyondaudio.com,,14807399961,12508609929,ryan,dockrill,scottsdale,az,85260,us
service@creativesound.info,sales@creativesound.info,14809989699,18087314193,doug,greenwald,scottsdale,az,85257,us
justin@oasissmarthomes.com,stacy@oasissmarthomes.com,14809077095,19492109440,justin,worley,scottsdale,az,85255,us
info@wattintegration.com,,14805159288,14809001799,bryan,watt,scottsdale,az,85260,us
u003einfo@avdinc.com,info@avdinc.com,19497161099,19497356767,ty,meyer,missionviejo,ca,92691,us
support@avillusions.com,,18185088275,,dean,maya,losangeles,ca,91602,us
info@ezavd.com,,18186442255,,dorel,muresan,beverlyhills,ca,90211,us
info@firebirdav.com,,18056174433,,wyatt,olsen,santabarbara,ca,93103,us
info@ironlionav.com,,18188254842,,brandon,carroll,shermanoaks,ca,91423,us
contactus@kpsalarms.com,,18004577252,,kirk,page,riverside,ca,92505,us
info@sdlightworks.com,support@sdlightworks.com,18584579100,,troy,dunnington,sandiego,ca,92126,us
kiernan@levineslights.com,,16508895089,,justin,levine,sancarlos,ca,94070,us
u003escheduling@lbsmarthome.com,scheduling@lbsmarthome.com,19163869696,15309278117,mark,buzzard,auburn,ca,95603,us
contact@proavatech.com,,14154088078,14155550100,daniell,silva,novato,ca,94949,us
info@eppilus.com,,19702791222,,magnus,grimmett,aspen,co,81611,us
u003einfo@logicav.net,info@logicav.net,13034848237,,shawn,hansson,lonetree,co,80124,us
info@cosmartsystems.com,support@cosmartsystems.com,13035881146,,john,young,sheridan,co,80110,us
info@roloelectronics.com,,19142479506,19142589339,julio,cabrera,greenwich,ct,06831,us
office@aascustoms.com,,15619727287,,curtis,depew,jupiter,fl,33477,us
info@greenhomeautomations.com,,13057756909,,jorge,alfonso,miami,fl,33155,us
info@habitechsystems.com,,18006106720,,ali,babazadeh,ormondbeach,fl,32174,us
info@seagullelectronics.com,,15612793837,15616240220,steven,siegel,jupiter,fl,33458,us
info@soundideasstereo.com,,13523780192,13523711791,gamma,beta,gainesville,fl,32609,us
sales@htwatlanta.com,,17706437777,,seth,herold,alpharetta,ga,30022,us
jmilline@bellsouth.net,,14043491647,,john,milline,atlanta,ga,30331,us
u003einfo@steinerav.com,info@steinerav.com,12087463381,,harley,steiner,lewiston,id,83501,us
services@denalitechs.com,,13124397500,,ash,boraki,mtprospect,il,60056,us
info@digitalsystemsav.com,,18889034448,,mike,anderson,chicago,il,60647,us
concierge@emt-home.com,,13123289840,,brett,fealy,chicago,il,60607,us
accounts@enlinetech.com,info@enlinetech.com,18778324312,,sanjay,rana,elmhurst,il,60126,us
info@silvergtech.com,,17736986148,,tyler,warble,chicago,il,60613,us
josh@noble-av.com,,13179000911,,karl,krohn,noblesville,in,46062,us
bedwards@ovationav.com,ccruzan@ovationav.com,13176828466,,gary,mccormick,carmel,in,46032,us
office@integrateit.tech,,19138047575,,moran,alon,overlandpark,ks,66223,us
rob@longwirekc.com,,19134404790,,rob,long,olathe,ks,66061,us
todds@naturallywiredkc.com,marshay@naturallywiredkc.com,19133859926,19132155000,todd,sandler,overlandpark,ks,66085,us
hello@bostonautomations.com,,17813338003,17816509775,adam,zell,northeaston,ma,02356,us
hello@khandesign.net,,18572144386,,mohammed,khan,framingham,ma,01702,us
michael@nantucketmediasystems.com,alison@nantucketmediasystems.com,15082410862,15083255472,michael,alpert,nantucket,ma,02554,us
info@techswhoconnect.com,,19789690496,,jonathan,davis,beverly,ma,01915,us
info@toadbuilds.com,,18663168623,,bill,clinton,bourne,ma,02559,us
rickbaron@solutionsbyswat.com,rick@solutionsbyswat.com,18009557928,12408884653,rick,baron,gaithersburg,md,20878,us
u003einfo@smartautomationsolutions.com,info@smartautomationsolutions.com,12402427272,,gary,flax,gaithersburg,md,20877,us
u003einfo@strategichomemedia.com,steve@strategichomemedia.com,14106433335,18666433336,steve,adams,stevensville,md,21666,us
info@wooferave.com,,12078299245,12078294562,dan,king,cumberland,me,04021,us
service@markelectronics.net,,12489239000,,mark,meehan,rochesterhills,mi,48309,us
info@northstarhometech.com,,16122542626,,chris,hayes,stillwater,mn,55082,us
sales@stereoland.com,,19528299700,,bill,soderholm,minneapolis,mn,55438,us
info@indepaudio.com,,18162529782,,scott,huffman,independence,mo,64055,us
u003einfo@avsinc.ms,info@avsinc.ms,16012681818,,adam,odom,hattiesburg,ms,39402,us
hello@co-da.com,,18007092823,17048212823,chris,wissa,indiantrail,nc,28079,us
hello@getconnesso.com,,19198858558,16149993443,ryan,prestel,apex,nc,27502,us
info@convergenceusa.com,,19192136370,13363659301,joshua,huffman,mebane,nc,27302,us
info@electronics2you.com,,19103970953,,jason,walter,wilmington,nc,28405,us
info@totaltechwnc.com,,18284148324,,nashden,dickerson,etowah,nc,28729,us
hello@extremeelec.com,,16035087543,,anthony,scavo,pelham,nh,03076,us
info@xtreme-av.com,,18889876281,,pat,molettieri,pelham,nh,03076,us
office@restrepoinnovations.com,,12014052022,,mike,restrepo,wyckoff,nj,07481,us
info@smarthomeintegrations.com,,17324408450,,carlos,cuellar,oceantownship,nj,07712,us
sales@hometheater.vegas,,17029974108,,jeremy,degre,lasvegas,nv,89103,us
info@ibsalbany.com,,15184593993,12000076547,jason,kenney,albany,ny,12205,us
sales@pse-av.com,,13474604590,,alexey,malyshev,brooklyn,ny,11232,us
vince@vincentdesigns.tv,,19146324884,,vincent,capece,newrochelle,ny,10801,us
info@sosmartsecurity.com,,14052001261,,arlen,speakman,oklahomacity,ok,73114,us
info@automated-lifestyles.com,service@automated-lifestyles.com,18005707789,15705651358,larry,supon,mtcobb,pa,18436,us
info@kozimediadesign.com,,18777465694,17243344695,tim,koziarski,pittsburgh,pa,15235,us
info@sapgh.com,,14123430348,14124340348,tom,pieracki,leetsdale,pa,15056,us
info@springboardautomation.com,,12159887771,12127062600,everett,katzen,philadelphia,pa,19103,us
john@surroundsounds.com,info@surroundsounds.com,16105246900,,ron,mcgill,exton,pa,19341,us
aaron@fusionaudiovideo.com,daniel@fusionaudiovideo.com,18642714276,18284198000,aaron,cowden,greenville,sc,29601,us
info@tekscene.com,,18038818777,18035550123,david,wong,chapin,sc,29036,us
info@avsdc.com,,18655234018,,buddy,carmichael,knoxville,tn,37917,us
studio@proave.com,frank@proave.com,16152798284,16152977283,frank,stafford,nashville,tn,37204,us
info@symspire.com,,16153320093,18665570629,tom,lundborg,brentwood,tn,37027,us
info@avautomation.com,,15127954242,,aaron,reilly,lakeway,tx,78734,us
audiovideoinnovation@yahoo.com,,13616525706,,fritz,boedeker,victoria,tx,77904,us
info@aveon.com,,17135292282,,dick,rozic,houston,tx,77098,us
sales@bondstv.com,,15124763551,,david,bond,austin,tx,78703,us
info@gobentec.com,,15125900633,,michael,bennett,cedarpark,tx,78613,us
info@grizzlytec.com,,13462202472,,daniel,lopez,spring,tx,77386,us
leadsdfw@homeprotech.com,technicalsupport@homeprotech.com,15126400882,18446615777,jake,roane,austin,tx,78758,us
questions@integratedlifestylesinc.com,u003equestions@integratedlifestylesinc.com,12142728678,,paul,lopez,dallas,tx,75243,us
contactus@mediahead.co,,19727079573,,steve,harman,addison,tx,75001,us
info@nxgservice.com,,12144327159,14698879533,jonathan,mcbride,rockwall,tx,75032,us
studio@rndtek.com,,12817122329,,blake,beltran,houston,tx,77084,us
hello@sihometheater.com,,18173464500,,chris,hornsby,fortworth,tx,76116,us
info@visionarysmarthomes.com,,18179974471,,matthew,gerber,fortworth,tx,76137,us
hello@meroconcepts.com,,15123753379,,marc,oliveri,cedarpark,tx,78613,us
u003einfo@briteav.com,info@briteav.com,18012182461,,ryan,kohler,parkcity,ut,84098,us
tferran@newport-ave.com,,18012823989,18012826190,travis,ferran,southjordan,ut,84095,us
justin@theaudiovideopros.com,austin@theaudiovideopros.com,16087799395,,justin,snyder,onalaska,wi,54650,us
webmaster@suesselectronics.com,,19207336464,,rosemary,suess,appleton,wi,54914,us
rich@jacksonholeav.com,info@jacksonholeav.com,13077332629,,rich,ashburn,jackson,wy,83001,us
support@brilliant.tech,sales@brilliant.tech,18556500940,,jonathan,temlock,sanmateo,ca,94401,us
gjanke@premierac.com,august@premierac.com,15108968716,18105034243,georgia,janke,newark,ca,94560,us
contact@automationanywhere.com,,18884843535,14088347676,mihir,shukla,sanjose,ca,95134,us
service@asgbms.com,sales@asgbms.com,14086492700,14084320300,tony,skibinski,sanjose,ca,95131,us
info@kinetic.auto,media@kinetic.auto,18887442327,16579004182,qasar,younis,phoenix,az,85027,us
info@neetek.com,,14159462390,,michael,chung,sanfrancisco,ca,94111,us
info@techinsf.com,,14157613632,,john,williamson,sanfrancisco,ca,94107,us
info@tekrevol.com,,14152261313,18003629239,hansel,graef,sanfrancisco,ca,94105,us
s.filimoshkina@svitla.com,g.biriukova@svitla.com,14158918605,14158918604,nataliya,anon,cortemadera,ca,94925,us
info@avdg.com,sales@avdg.com,18775542834,18669852834,curtis,heath,sanrafael,ca,94901,us
hello@gridwiseelectric.com,,14154888828,,mark,lounsbury,sanrafael,ca,94901,us
info@chisholmsecurity.com,,18176164190,,jon,kelch,fortworth,tx,76132,us
info@fhtla.com,,13105596100,,murray,kunis,losangeles,ca,90016,us
aftercare@audiocommand.com,sales@audiocommand.com,13104443882,15169975800,jonathan,flamm,losangeles,ca,90025,us
mihai@ionavt.com,info@ionavt.com,18188048891,,mihai,ion,northhollywood,ca,91605,us
info@concertsound.com,,18556422432,,michael,patrick,chicago,il,60639,us
allison.hall@cti.com,bonnie.granda@cti.com,17132908300,18007436051,dennis,woodhouse,houston,tx,77055,us
info@twistist.com,,17136880696,,curt,hall,houston,tx,77092,us
info@vtxauto.com,,12153226788,12153222816,hans,schoenberger,huntingdonvalley,pa,19006,us
info@mmsproav.com,,12677139876,,nik,mondo,essington,pa,19029,us
info@pantherproaudio.com,,12153569125,,daniel,kishbaugh,philadelphia,pa,19120,us
info@atgamerica.com,,19548354495,,ken,serig,miami,fl,33186,us
customerservice%20@lightingreps.net,sebastian@lightingreps.net,13055005580,17877081532,carlos,leon,miami,fl,33125,us
info@wedoautomation.com,,14702388806,18885288668,alex,huber,tucker,ga,30084,us
sales@pavatlanta.com,,16787926951,,jason,caponi,marietta,ga,30067,us
info@edgeautomationsolutions.com,service@edgeautomationsolutions.com,19784033343,15106495710,nick,agganis,northreading,ma,01864,us
office@elitesecurityandaccess.com,,16177651303,,john,smith,boston,ma,02116,us
hello@cchbuilds.com,,12067827070,,rob,carlisle,seattle,wa,98117,us
support@igms.com,marketing@igms.com,14252222922,14253572673,igor,kostin,seattle,wa,98101,us
info@puzzleconstructiongroup.com,,14252726063,12068884880,yevheniia,vladarchyk,renton,wa,98057,us
749ac52e1bbc447bbb2ada30e6887425@itrellis.com,info@itrellis.com,14253057260,14255918051,chris,johnson,seattle,wa,98104,us
sales@elluminatiinc.com,info@elluminatiinc.com,16465850540,14155470560,haney,sabet,seattle,wa,98104,us
info@theobald-software.com,info@us.theobald-software.com,12066819638,17114605990,patrick,theobald,seattle,wa,98121,us
contact@pipe17.com,,,,mo,afshar,seattle,wa,98121,us
info@phishcloud.com,,18665980440,,terry,mccorkle,seattle,wa,98134,us
controls@erwlighting.com,u003einfo@erwlighting.com,12067677722,12062043955,jay,pachl,seattle,wa,98108,us
glenn@shultzav.com,,17604440407,17605057461,glenn,shultz,escondido,ca,92029,us
sumner.lee@fuseintegration.com,scott.rosebush@fuseintegration.com,16192550668,,sumner,lee,sandiego,ca,92111,us
info@ecsillc.com,careers@ecsillc.com,16517357470,16516436600,jerry,retires,eagan,mn,55121,us
sales@bautomation.com,,17635718580,18775718580,blaine,bunting,minneapolis,mn,55433,us
appointments@phase-electric.com,service@phase-electric.com,19528814100,,brad,alness,bloomington,mn,55431,us
info@imav.pro,,16513004154,,theo,christofore,minneapolis,mn,55418,us
info@sysdy.com,,13039622022,,matt,johnson,denver,co,80203,us
info@smartersys.com,,17047655065,17047315535,ned,coleman,charlotte,nc,28273,us
hello@levelupcharlotte.com,,19803168045,,despina,koumantaros,charlotte,nc,28277,us
info@goaaacontrol.com,,15127902424,,danny,darek,austin,tx,78704,us
sales@gseav.com,,14079721249,18885736847,jeanne,schneider,orlando,fl,32819,us
inquiries@pavion.com,service@pavion.com,18665728466,18884010647,fire,business,leessummit,mo,64064,us
meinfo@platform9.com,info@platform9.com,16508987369,,sirish,raghuram,sanjose,ca,95113,us
sales@avstech.com,support@avstech.com,18007011866,12018603550,michael,riotto,sanjose,ca,95131,us
mail@diffco.us,,14156551002,,vadim,peskov,sanjose,ca,95110,us
servicedesk@zagtech.com,,14083832000,17205248616,daniel,noy,sanjose,ca,95134,us
payal.mathur@jadeglobal.com,marketing@jadeglobal.com,14088997200,18008997200,karan,yaramada,sanjose,ca,95110,us
sales@springautomation.com,,16154729454,,matt,harvey,nashville,tn,37204,us
bladd@defense-is.com,bwilson@defense-is.com,18004826108,15088571836,managing,member,nashville,tn,37220,us
justin@pcg.live,info@pcg.live,15033439700,,justin,hamilton,portland,or,97206,us
rfp@seamlessevents.com,,15032300222,,laurel,miller,portland,or,97214,us
joby@alarmconsult.com,,12103171194,,joby,gray,sanantonio,tx,78258,us
info@fortresslinksecurity.com,,12108764857,,eric,garner,sanantonio,tx,78266,us
carolg@saslonline.com,mark@saslonline.com,12105243910,,mark,stevens,sanantonio,tx,78216,us
goelectric@jetsonhome.com,support@jetsonhome.com,18889965876,,peter,hollero,westsacramento,ca,95691,us
supplysales@capturet.com,info@capturet.com,19164435050,18005445050,joe,franco,citrusheights,ca,95610,us
info@metromedia-productions.com,,19169248431,12198062920,paul,tisa,sacramento,ca,95834,us
office@icthomepros.com,,19133432703,13166170034,alvaro,ramirez,kansascity,mo,64102,us
contact@xakiatech.com,,18162080621,,jodie,baker,kansascity,mo,64112,us
james@levelupav.com,,18166013865,,lead,programmer,kansascity,mo,64109,us
gabe@nerdtech.ai,,18163688949,,gabe,monroy,independence,mo,64055,us
info@soundenvironment.com,,18166785740,14023913842,charlie,santmire,kansascity,mo,64108,us
